report_code,report_title,zone_name,fight_id,fight_name,difficulty,kill,fight_percentage,boss_percentage,last_phase,duration_seconds,start_time_utc,end_time_utc,start_time_epoch_ms
P7JKpRXdxf4C9caW,Dancing Mad (Ultimate) P1 into P2,Dancing Mad,1,Dancing Mad,100,False,96.97,69.72,1,73.8,2026-06-03T18:05:30.643000+00:00,2026-06-03T18:06:44.397000+00:00,1780509930643
P7JKpRXdxf4C9caW,Dancing Mad (Ultimate) P1 into P2,Dancing Mad,2,Dancing Mad,100,False,95.89,58.95,1,114.3,2026-06-03T18:07:27.923000+00:00,2026-06-03T18:09:22.222000+00:00,1780510047923
P7JKpRXdxf4C9caW,Dancing Mad (Ultimate) P1 into P2,Dancing Mad,3,Dancing Mad,100,False,97.47,74.71,1,60.2,2026-06-03T18:09:49.304000+00:00,2026-06-03T18:10:49.518000+00:00,1780510189304
P7JKpRXdxf4C9caW,Dancing Mad (Ultimate) P1 into P2,Dancing Mad,4,Dancing Mad,100,False,94.77,47.72,1,141.4,2026-06-03T18:11:08.367000+00:00,2026-06-03T18:13:29.737000+00:00,1780510268367
P7JKpRXdxf4C9caW,Dancing Mad (Ultimate) P1 into P2,Dancing Mad,5,Dancing Mad,100,False,95.23,52.34,1,110.4,2026-06-03T18:14:08.553000+00:00,2026-06-03T18:15:58.979000+00:00,1780510448553
P7JKpRXdxf4C9caW,Dancing Mad (Ultimate) P1 into P2,Dancing Mad,6,Dancing Mad,100,False,93.27,32.7,1,190.6,2026-06-03T18:16:26.451000+00:00,2026-06-03T18:19:37.008000+00:00,1780510586451
P7JKpRXdxf4C9caW,Dancing Mad (Ultimate) P1 into P2,Dancing Mad,7,Dancing Mad,100,False,91.62,16.24,1,208.4,2026-06-03T18:20:26.056000+00:00,2026-06-03T18:23:54.470000+00:00,1780510826056
P7JKpRXdxf4C9caW,Dancing Mad (Ultimate) P1 into P2,Dancing Mad,8,Dancing Mad,100,False,92.23,22.34,1,208.7,2026-06-03T18:24:35.369000+00:00,2026-06-03T18:28:04.050000+00:00,1780511075369
P7JKpRXdxf4C9caW,Dancing Mad (Ultimate) P1 into P2,Dancing Mad,9,Dancing Mad,100,False,94.97,49.73,1,116.0,2026-06-03T18:28:54.830000+00:00,2026-06-03T18:30:50.784000+00:00,1780511334830
P7JKpRXdxf4C9caW,Dancing Mad (Ultimate) P1 into P2,Dancing Mad,10,Dancing Mad,100,False,93.42,34.27,1,194.1,2026-06-03T18:31:10.786000+00:00,2026-06-03T18:34:24.845000+00:00,1780511470786
P7JKpRXdxf4C9caW,Dancing Mad (Ultimate) P1 into P2,Dancing Mad,11,Dancing Mad,100,False,94.72,47.26,1,147.9,2026-06-03T18:35:01.704000+00:00,2026-06-03T18:37:29.651000+00:00,1780511701704
P7JKpRXdxf4C9caW,Dancing Mad (Ultimate) P1 into P2,Dancing Mad,12,Dancing Mad,100,False,95.8,58.03,1,97.2,2026-06-03T18:37:49.003000+00:00,2026-06-03T18:39:26.231000+00:00,1780511869003
P7JKpRXdxf4C9caW,Dancing Mad (Ultimate) P1 into P2,Dancing Mad,13,Dancing Mad,100,False,92.61,26.14,1,198.5,2026-06-03T18:39:57.840000+00:00,2026-06-03T18:43:16.314000+00:00,1780511997840
P7JKpRXdxf4C9caW,Dancing Mad (Ultimate) P1 into P2,Dancing Mad,14,Dancing Mad,100,False,91.63,16.33,1,203.8,2026-06-03T18:44:47.163000+00:00,2026-06-03T18:48:10.917000+00:00,1780512287163
P7JKpRXdxf4C9caW,Dancing Mad (Ultimate) P1 into P2,Dancing Mad,15,Dancing Mad,100,False,91.76,17.67,1,204.3,2026-06-03T18:48:43.726000+00:00,2026-06-03T18:52:08.035000+00:00,1780512523726
P7JKpRXdxf4C9caW,Dancing Mad (Ultimate) P1 into P2,Dancing Mad,16,Dancing Mad,100,False,95.79,57.93,1,110.5,2026-06-03T18:52:35.348000+00:00,2026-06-03T18:54:25.898000+00:00,1780512755348
P7JKpRXdxf4C9caW,Dancing Mad (Ultimate) P1 into P2,Dancing Mad,17,Dancing Mad,100,False,92.43,24.31,1,208.2,2026-06-03T18:54:44.071000+00:00,2026-06-03T18:58:12.289000+00:00,1780512884071
P7JKpRXdxf4C9caW,Dancing Mad (Ultimate) P1 into P2,Dancing Mad,18,Dancing Mad,100,False,92.29,22.94,1,190.2,2026-06-03T18:58:33.543000+00:00,2026-06-03T19:01:43.731000+00:00,1780513113543
P7JKpRXdxf4C9caW,Dancing Mad (Ultimate) P1 into P2,Dancing Mad,19,Dancing Mad,100,False,91.92,19.2,1,196.0,2026-06-03T19:07:33.514000+00:00,2026-06-03T19:10:49.543000+00:00,1780513653514
P7JKpRXdxf4C9caW,Dancing Mad (Ultimate) P1 into P2,Dancing Mad,20,Dancing Mad,100,False,98.57,85.74,1,28.7,2026-06-03T19:11:15.873000+00:00,2026-06-03T19:11:44.551000+00:00,1780513875873
P7JKpRXdxf4C9caW,Dancing Mad (Ultimate) P1 into P2,Dancing Mad,21,Dancing Mad,100,False,91.92,19.23,1,196.1,2026-06-03T19:12:02.117000+00:00,2026-06-03T19:15:18.195000+00:00,1780513922117
P7JKpRXdxf4C9caW,Dancing Mad (Ultimate) P1 into P2,Dancing Mad,22,Dancing Mad,100,False,91.64,16.42,1,211.3,2026-06-03T19:15:44.676000+00:00,2026-06-03T19:19:15.972000+00:00,1780514144676
P7JKpRXdxf4C9caW,Dancing Mad (Ultimate) P1 into P2,Dancing Mad,23,Dancing Mad,100,False,86.47,82.38,2,263.8,2026-06-03T19:20:21.214000+00:00,2026-06-03T19:24:44.983000+00:00,1780514421214
P7JKpRXdxf4C9caW,Dancing Mad (Ultimate) P1 into P2,Dancing Mad,24,Dancing Mad,100,False,92.35,23.53,1,201.8,2026-06-03T19:25:11.594000+00:00,2026-06-03T19:28:33.366000+00:00,1780514711594
P7JKpRXdxf4C9caW,Dancing Mad (Ultimate) P1 into P2,Dancing Mad,25,Dancing Mad,100,False,97.49,74.93,1,57.8,2026-06-03T19:29:44.224000+00:00,2026-06-03T19:30:42.024000+00:00,1780514984224
P7JKpRXdxf4C9caW,Dancing Mad (Ultimate) P1 into P2,Dancing Mad,26,Dancing Mad,100,False,95.6,56.02,1,97.3,2026-06-03T19:31:00.508000+00:00,2026-06-03T19:32:37.782000+00:00,1780515060508
P7JKpRXdxf4C9caW,Dancing Mad (Ultimate) P1 into P2,Dancing Mad,27,Dancing Mad,100,False,92.5,25.06,1,198.4,2026-06-03T19:32:56.272000+00:00,2026-06-03T19:36:14.634000+00:00,1780515176272
P7JKpRXdxf4C9caW,Dancing Mad (Ultimate) P1 into P2,Dancing Mad,28,Dancing Mad,100,False,91.68,16.8,1,207.4,2026-06-03T19:36:35.168000+00:00,2026-06-03T19:40:02.617000+00:00,1780515395168
P7JKpRXdxf4C9caW,Dancing Mad (Ultimate) P1 into P2,Dancing Mad,29,Dancing Mad,100,False,93.09,30.97,1,200.4,2026-06-03T19:40:30.910000+00:00,2026-06-03T19:43:51.358000+00:00,1780515630910
P7JKpRXdxf4C9caW,Dancing Mad (Ultimate) P1 into P2,Dancing Mad,30,Dancing Mad,100,False,98.3,83.02,1,36.1,2026-06-03T19:46:19.391000+00:00,2026-06-03T19:46:55.444000+00:00,1780515979391
P7JKpRXdxf4C9caW,Dancing Mad (Ultimate) P1 into P2,Dancing Mad,31,Dancing Mad,100,False,95.21,52.11,1,111.2,2026-06-03T19:47:12.550000+00:00,2026-06-03T19:49:03.767000+00:00,1780516032550
P7JKpRXdxf4C9caW,Dancing Mad (Ultimate) P1 into P2,Dancing Mad,32,Dancing Mad,100,False,92.19,21.92,1,203.2,2026-06-03T19:49:22.434000+00:00,2026-06-03T19:52:45.623000+00:00,1780516162434
P7JKpRXdxf4C9caW,Dancing Mad (Ultimate) P1 into P2,Dancing Mad,33,Dancing Mad,100,False,91.53,15.37,1,210.6,2026-06-03T19:53:29.728000+00:00,2026-06-03T19:57:00.279000+00:00,1780516409728
P7JKpRXdxf4C9caW,Dancing Mad (Ultimate) P1 into P2,Dancing Mad,34,Dancing Mad,100,False,95.99,59.94,1,122.2,2026-06-03T19:57:19.037000+00:00,2026-06-03T19:59:21.192000+00:00,1780516639037
P7JKpRXdxf4C9caW,Dancing Mad (Ultimate) P1 into P2,Dancing Mad,35,Dancing Mad,100,False,91.65,16.53,1,206.8,2026-06-03T20:06:50.357000+00:00,2026-06-03T20:10:17.167000+00:00,1780517210357
P7JKpRXdxf4C9caW,Dancing Mad (Ultimate) P1 into P2,Dancing Mad,36,Dancing Mad,100,False,95.7,57.04,1,94.0,2026-06-03T20:10:35.920000+00:00,2026-06-03T20:12:09.938000+00:00,1780517435920
P7JKpRXdxf4C9caW,Dancing Mad (Ultimate) P1 into P2,Dancing Mad,37,Dancing Mad,100,False,91.86,18.68,1,206.8,2026-06-03T20:12:27.268000+00:00,2026-06-03T20:15:54.063000+00:00,1780517547268
P7JKpRXdxf4C9caW,Dancing Mad (Ultimate) P1 into P2,Dancing Mad,38,Dancing Mad,100,False,91.89,18.9,1,208.4,2026-06-03T20:16:32.953000+00:00,2026-06-03T20:20:01.398000+00:00,1780517792953
P7JKpRXdxf4C9caW,Dancing Mad (Ultimate) P1 into P2,Dancing Mad,39,Dancing Mad,100,False,86.74,83.71,2,265.3,2026-06-03T20:21:03.821000+00:00,2026-06-03T20:25:29.074000+00:00,1780518063821
P7JKpRXdxf4C9caW,Dancing Mad (Ultimate) P1 into P2,Dancing Mad,40,Dancing Mad,100,False,93.58,35.84,1,198.9,2026-06-03T20:25:52.238000+00:00,2026-06-03T20:29:11.169000+00:00,1780518352238
P7JKpRXdxf4C9caW,Dancing Mad (Ultimate) P1 into P2,Dancing Mad,41,Dancing Mad,100,False,95.66,56.66,1,111.7,2026-06-03T20:29:37.449000+00:00,2026-06-03T20:31:29.186000+00:00,1780518577449
P7JKpRXdxf4C9caW,Dancing Mad (Ultimate) P1 into P2,Dancing Mad,42,Dancing Mad,100,False,92.77,27.73,1,202.1,2026-06-03T20:31:47.755000+00:00,2026-06-03T20:35:09.894000+00:00,1780518707755
P7JKpRXdxf4C9caW,Dancing Mad (Ultimate) P1 into P2,Dancing Mad,43,Dancing Mad,100,False,86.82,84.1,2,264.0,2026-06-03T20:35:33.538000+00:00,2026-06-03T20:39:57.574000+00:00,1780518933538
P7JKpRXdxf4C9caW,Dancing Mad (Ultimate) P1 into P2,Dancing Mad,44,Dancing Mad,100,False,97.61,76.11,1,55.2,2026-06-03T20:41:42.934000+00:00,2026-06-03T20:42:38.108000+00:00,1780519302934
P7JKpRXdxf4C9caW,Dancing Mad (Ultimate) P1 into P2,Dancing Mad,45,Dancing Mad,100,False,86.01,80.05,2,275.2,2026-06-03T20:42:56.872000+00:00,2026-06-03T20:47:32.052000+00:00,1780519376872
P7JKpRXdxf4C9caW,Dancing Mad (Ultimate) P1 into P2,Dancing Mad,46,Dancing Mad,100,False,89.39,96.98,2,265.3,2026-06-03T20:48:08.554000+00:00,2026-06-03T20:52:33.881000+00:00,1780519688554
P7JKpRXdxf4C9caW,Dancing Mad (Ultimate) P1 into P2,Dancing Mad,47,Dancing Mad,100,False,97.71,77.14,1,51.4,2026-06-03T20:52:57.489000+00:00,2026-06-03T20:53:48.906000+00:00,1780519977489
P7JKpRXdxf4C9caW,Dancing Mad (Ultimate) P1 into P2,Dancing Mad,48,Dancing Mad,100,False,91.53,15.34,1,208.7,2026-06-03T20:54:06.102000+00:00,2026-06-03T20:57:34.773000+00:00,1780520046102
P7JKpRXdxf4C9caW,Dancing Mad (Ultimate) P1 into P2,Dancing Mad,49,Dancing Mad,100,False,85.71,78.57,2,276.3,2026-06-03T20:59:03.663000+00:00,2026-06-03T21:03:39.960000+00:00,1780520343663
tDp3GvkCJWmhzfN8,Dancing Mad (Ultimate) ,Dancing Mad,1,Striking Dummy,,,,,0,281.8,2026-06-05T14:12:09.137000+00:00,2026-06-05T14:16:50.912000+00:00,1780668729137
tDp3GvkCJWmhzfN8,Dancing Mad (Ultimate) ,Dancing Mad,2,Striking Dummy,,,,,0,32.4,2026-06-05T14:17:29.085000+00:00,2026-06-05T14:18:01.518000+00:00,1780669049085
tDp3GvkCJWmhzfN8,Dancing Mad (Ultimate) ,Dancing Mad,3,Dancing Mad,100,False,95.09,50.93,1,118.4,2026-06-05T18:04:09.680000+00:00,2026-06-05T18:06:08.111000+00:00,1780682649680
tDp3GvkCJWmhzfN8,Dancing Mad (Ultimate) ,Dancing Mad,4,Dancing Mad,100,False,93.63,36.3,1,192.7,2026-06-05T18:06:59.492000+00:00,2026-06-05T18:10:12.214000+00:00,1780682819492
tDp3GvkCJWmhzfN8,Dancing Mad (Ultimate) ,Dancing Mad,5,Dancing Mad,100,False,86.09,80.49,2,265.4,2026-06-05T18:10:31.812000+00:00,2026-06-05T18:14:57.176000+00:00,1780683031812
tDp3GvkCJWmhzfN8,Dancing Mad (Ultimate) ,Dancing Mad,6,Dancing Mad,100,False,91.58,15.89,1,208.5,2026-06-05T18:15:32.651000+00:00,2026-06-05T18:19:01.138000+00:00,1780683332651
tDp3GvkCJWmhzfN8,Dancing Mad (Ultimate) ,Dancing Mad,7,Dancing Mad,100,False,85.91,79.58,2,272.0,2026-06-05T18:19:28.178000+00:00,2026-06-05T18:24:00.165000+00:00,1780683568178
tDp3GvkCJWmhzfN8,Dancing Mad (Ultimate) ,Dancing Mad,8,Dancing Mad,100,False,84.32,71.61,2,286.2,2026-06-05T18:26:37.768000+00:00,2026-06-05T18:31:23.944000+00:00,1780683997768
tDp3GvkCJWmhzfN8,Dancing Mad (Ultimate) ,Dancing Mad,9,Dancing Mad,100,False,95.1,51.08,1,115.7,2026-06-05T18:32:18.670000+00:00,2026-06-05T18:34:14.346000+00:00,1780684338670
tDp3GvkCJWmhzfN8,Dancing Mad (Ultimate) ,Dancing Mad,10,Dancing Mad,100,False,95.24,52.48,1,147.5,2026-06-05T18:36:03.012000+00:00,2026-06-05T18:38:30.554000+00:00,1780684563012
tDp3GvkCJWmhzfN8,Dancing Mad (Ultimate) ,Dancing Mad,11,Dancing Mad,100,False,97.62,76.24,1,51.2,2026-06-05T18:38:48.718000+00:00,2026-06-05T18:39:39.888000+00:00,1780684728718
tDp3GvkCJWmhzfN8,Dancing Mad (Ultimate) ,Dancing Mad,12,Dancing Mad,100,False,91.65,16.5,1,201.6,2026-06-05T18:40:03.998000+00:00,2026-06-05T18:43:25.624000+00:00,1780684803998
tDp3GvkCJWmhzfN8,Dancing Mad (Ultimate) ,Dancing Mad,13,Dancing Mad,100,False,97.42,74.23,1,55.2,2026-06-05T18:43:43.951000+00:00,2026-06-05T18:44:39.106000+00:00,1780685023951
tDp3GvkCJWmhzfN8,Dancing Mad (Ultimate) ,Dancing Mad,14,Dancing Mad,100,False,93.77,37.73,1,148.2,2026-06-05T18:44:58.371000+00:00,2026-06-05T18:47:26.621000+00:00,1780685098371
tDp3GvkCJWmhzfN8,Dancing Mad (Ultimate) ,Dancing Mad,15,Dancing Mad,100,False,95.81,58.18,1,111.0,2026-06-05T18:47:49.385000+00:00,2026-06-05T18:49:40.430000+00:00,1780685269385
tDp3GvkCJWmhzfN8,Dancing Mad (Ultimate) ,Dancing Mad,16,Dancing Mad,100,False,91.76,17.66,1,208.3,2026-06-05T18:49:58.597000+00:00,2026-06-05T18:53:26.938000+00:00,1780685398597
tDp3GvkCJWmhzfN8,Dancing Mad (Ultimate) ,Dancing Mad,17,Dancing Mad,100,False,94.18,41.88,1,146.7,2026-06-05T18:54:51.012000+00:00,2026-06-05T18:57:17.758000+00:00,1780685691012
tDp3GvkCJWmhzfN8,Dancing Mad (Ultimate) ,Dancing Mad,18,Dancing Mad,100,False,91.51,15.14,1,208.1,2026-06-05T18:57:38.258000+00:00,2026-06-05T19:01:06.389000+00:00,1780685858258
tDp3GvkCJWmhzfN8,Dancing Mad (Ultimate) ,Dancing Mad,19,Dancing Mad,100,False,91.84,18.42,1,192.8,2026-06-05T19:08:33.161000+00:00,2026-06-05T19:11:45.917000+00:00,1780686513161
tDp3GvkCJWmhzfN8,Dancing Mad (Ultimate) ,Dancing Mad,20,Dancing Mad,100,False,91.45,14.56,1,199.8,2026-06-05T19:12:04.524000+00:00,2026-06-05T19:15:24.355000+00:00,1780686724524
tDp3GvkCJWmhzfN8,Dancing Mad (Ultimate) ,Dancing Mad,21,Dancing Mad,100,False,84.9,74.54,2,285.6,2026-06-05T19:15:42.666000+00:00,2026-06-05T19:20:28.297000+00:00,1780686942666
tDp3GvkCJWmhzfN8,Dancing Mad (Ultimate) ,Dancing Mad,22,Dancing Mad,100,False,83.98,69.94,2,276.5,2026-06-05T19:20:51.334000+00:00,2026-06-05T19:25:27.799000+00:00,1780687251334
tDp3GvkCJWmhzfN8,Dancing Mad (Ultimate) ,Dancing Mad,23,Dancing Mad,100,False,94.57,45.7,1,136.4,2026-06-05T19:25:48.925000+00:00,2026-06-05T19:28:05.330000+00:00,1780687548925
tDp3GvkCJWmhzfN8,Dancing Mad (Ultimate) ,Dancing Mad,24,Dancing Mad,100,False,91.61,16.13,1,199.3,2026-06-05T19:28:23.835000+00:00,2026-06-05T19:31:43.123000+00:00,1780687703835
tDp3GvkCJWmhzfN8,Dancing Mad (Ultimate) ,Dancing Mad,25,Dancing Mad,100,False,86.29,81.47,2,286.2,2026-06-05T19:32:02.096000+00:00,2026-06-05T19:36:48.344000+00:00,1780687922096
tDp3GvkCJWmhzfN8,Dancing Mad (Ultimate) ,Dancing Mad,26,Dancing Mad,100,False,94.93,49.35,1,120.6,2026-06-05T19:40:04.974000+00:00,2026-06-05T19:42:05.535000+00:00,1780688404974
tDp3GvkCJWmhzfN8,Dancing Mad (Ultimate) ,Dancing Mad,27,Dancing Mad,100,False,91.55,15.52,1,206.2,2026-06-05T19:42:36.955000+00:00,2026-06-05T19:46:03.119000+00:00,1780688556955
tDp3GvkCJWmhzfN8,Dancing Mad (Ultimate) ,Dancing Mad,28,Dancing Mad,100,False,91.37,13.79,1,205.8,2026-06-05T19:46:26.672000+00:00,2026-06-05T19:49:52.437000+00:00,1780688786672
tDp3GvkCJWmhzfN8,Dancing Mad (Ultimate) ,Dancing Mad,29,Dancing Mad,100,False,95.34,53.42,1,107.6,2026-06-05T19:57:27.961000+00:00,2026-06-05T19:59:15.604000+00:00,1780689447961
tDp3GvkCJWmhzfN8,Dancing Mad (Ultimate) ,Dancing Mad,30,Dancing Mad,100,False,92.16,21.69,1,195.3,2026-06-05T19:59:58.072000+00:00,2026-06-05T20:03:13.340000+00:00,1780689598072
tDp3GvkCJWmhzfN8,Dancing Mad (Ultimate) ,Dancing Mad,31,Dancing Mad,100,False,97.34,73.45,1,64.1,2026-06-05T20:03:31.857000+00:00,2026-06-05T20:04:35.945000+00:00,1780689811857
tDp3GvkCJWmhzfN8,Dancing Mad (Ultimate) ,Dancing Mad,32,Dancing Mad,100,False,91.53,15.33,1,199.1,2026-06-05T20:04:54.667000+00:00,2026-06-05T20:08:13.787000+00:00,1780689894667
tDp3GvkCJWmhzfN8,Dancing Mad (Ultimate) ,Dancing Mad,33,Dancing Mad,100,False,91.66,16.65,1,208.3,2026-06-05T20:08:59.893000+00:00,2026-06-05T20:12:28.240000+00:00,1780690139893
tDp3GvkCJWmhzfN8,Dancing Mad (Ultimate) ,Dancing Mad,34,Dancing Mad,100,False,91.69,16.99,1,195.6,2026-06-05T20:13:38.011000+00:00,2026-06-05T20:16:53.604000+00:00,1780690418011
tDp3GvkCJWmhzfN8,Dancing Mad (Ultimate) ,Dancing Mad,35,Dancing Mad,100,False,93.85,38.52,1,145.7,2026-06-05T20:17:37.888000+00:00,2026-06-05T20:20:03.550000+00:00,1780690657888
tDp3GvkCJWmhzfN8,Dancing Mad (Ultimate) ,Dancing Mad,36,Dancing Mad,100,False,83.72,68.64,2,286.1,2026-06-05T20:20:21.956000+00:00,2026-06-05T20:25:08.020000+00:00,1780690821956
tDp3GvkCJWmhzfN8,Dancing Mad (Ultimate) ,Dancing Mad,37,Dancing Mad,100,False,85.54,77.7,2,271.0,2026-06-05T20:30:04.125000+00:00,2026-06-05T20:34:35.125000+00:00,1780691404125
tDp3GvkCJWmhzfN8,Dancing Mad (Ultimate) ,Dancing Mad,38,Dancing Mad,100,False,95.86,58.61,1,94.2,2026-06-05T20:35:07.985000+00:00,2026-06-05T20:36:42.215000+00:00,1780691707985
tDp3GvkCJWmhzfN8,Dancing Mad (Ultimate) ,Dancing Mad,39,Dancing Mad,100,False,97.6,76.04,1,56.8,2026-06-05T20:36:59.654000+00:00,2026-06-05T20:37:56.463000+00:00,1780691819654
tDp3GvkCJWmhzfN8,Dancing Mad (Ultimate) ,Dancing Mad,40,Dancing Mad,100,False,86.67,83.37,2,270.1,2026-06-05T20:38:13.866000+00:00,2026-06-05T20:42:43.918000+00:00,1780691893866
tDp3GvkCJWmhzfN8,Dancing Mad (Ultimate) ,Dancing Mad,41,Dancing Mad,100,False,92.32,23.24,1,199.4,2026-06-05T20:43:05.973000+00:00,2026-06-05T20:46:25.373000+00:00,1780692185973
tDp3GvkCJWmhzfN8,Dancing Mad (Ultimate) ,Dancing Mad,42,Dancing Mad,100,False,85.86,79.31,2,281.8,2026-06-05T20:46:42.659000+00:00,2026-06-05T20:51:24.478000+00:00,1780692402659
tDp3GvkCJWmhzfN8,Dancing Mad (Ultimate) ,Dancing Mad,43,Dancing Mad,100,False,97.27,72.74,1,63.9,2026-06-05T20:52:08.129000+00:00,2026-06-05T20:53:12.004000+00:00,1780692728129
tDp3GvkCJWmhzfN8,Dancing Mad (Ultimate) ,Dancing Mad,44,Dancing Mad,100,False,83.52,67.6,2,288.4,2026-06-05T20:53:29.927000+00:00,2026-06-05T20:58:18.353000+00:00,1780692809927
tDp3GvkCJWmhzfN8,Dancing Mad (Ultimate) ,Dancing Mad,45,Dancing Mad,100,False,85.33,76.69,2,264.9,2026-06-05T20:58:40.659000+00:00,2026-06-05T21:03:05.592000+00:00,1780693120659
KRqJnQhk6G2FNWyT,Dancing Mad (Ultimate) P2 prog,Dancing Mad,1,Striking Dummy,,,,,0,28.3,2026-06-07T17:33:12.039000+00:00,2026-06-07T17:33:40.322000+00:00,1780853592039
KRqJnQhk6G2FNWyT,Dancing Mad (Ultimate) P2 prog,Dancing Mad,2,Striking Dummy,,,,,0,24.4,2026-06-07T17:40:22.143000+00:00,2026-06-07T17:40:46.555000+00:00,1780854022143
KRqJnQhk6G2FNWyT,Dancing Mad (Ultimate) P2 prog,Dancing Mad,3,Striking Dummy,,,,,0,24.3,2026-06-07T17:44:22.939000+00:00,2026-06-07T17:44:47.201000+00:00,1780854262939
KRqJnQhk6G2FNWyT,Dancing Mad (Ultimate) P2 prog,Dancing Mad,4,Striking Dummy,,,,,0,67.1,2026-06-07T17:46:24.719000+00:00,2026-06-07T17:47:31.846000+00:00,1780854384719
KRqJnQhk6G2FNWyT,Dancing Mad (Ultimate) P2 prog,Dancing Mad,5,Striking Dummy,,,,,0,24.0,2026-06-07T17:48:39.128000+00:00,2026-06-07T17:49:03.094000+00:00,1780854519128
KRqJnQhk6G2FNWyT,Dancing Mad (Ultimate) P2 prog,Dancing Mad,6,Striking Dummy,,,,,0,23.5,2026-06-07T17:52:39.214000+00:00,2026-06-07T17:53:02.747000+00:00,1780854759214
KRqJnQhk6G2FNWyT,Dancing Mad (Ultimate) P2 prog,Dancing Mad,7,Striking Dummy,,,,,0,24.2,2026-06-07T17:55:00.712000+00:00,2026-06-07T17:55:24.918000+00:00,1780854900712
KRqJnQhk6G2FNWyT,Dancing Mad (Ultimate) P2 prog,Dancing Mad,8,Dancing Mad,100,False,95.5,55.05,1,97.4,2026-06-07T18:03:10.025000+00:00,2026-06-07T18:04:47.405000+00:00,1780855390025
KRqJnQhk6G2FNWyT,Dancing Mad (Ultimate) P2 prog,Dancing Mad,9,Dancing Mad,100,False,96.77,67.73,1,149.8,2026-06-07T18:05:07.521000+00:00,2026-06-07T18:07:37.311000+00:00,1780855507521
KRqJnQhk6G2FNWyT,Dancing Mad (Ultimate) P2 prog,Dancing Mad,10,Dancing Mad,100,False,95.29,52.93,1,111.1,2026-06-07T18:08:15.141000+00:00,2026-06-07T18:10:06.243000+00:00,1780855695141
KRqJnQhk6G2FNWyT,Dancing Mad (Ultimate) P2 prog,Dancing Mad,11,Dancing Mad,100,False,95.56,55.64,1,105.1,2026-06-07T18:10:53.152000+00:00,2026-06-07T18:12:38.204000+00:00,1780855853152
KRqJnQhk6G2FNWyT,Dancing Mad (Ultimate) P2 prog,Dancing Mad,12,Dancing Mad,100,False,97.68,76.88,1,54.4,2026-06-07T18:13:02.378000+00:00,2026-06-07T18:13:56.784000+00:00,1780855982378
KRqJnQhk6G2FNWyT,Dancing Mad (Ultimate) P2 prog,Dancing Mad,13,Dancing Mad,100,False,95.39,53.99,1,110.9,2026-06-07T18:14:13.943000+00:00,2026-06-07T18:16:04.892000+00:00,1780856053943
KRqJnQhk6G2FNWyT,Dancing Mad (Ultimate) P2 prog,Dancing Mad,14,Dancing Mad,100,False,97.09,70.96,1,131.7,2026-06-07T18:16:32.682000+00:00,2026-06-07T18:18:44.348000+00:00,1780856192682
KRqJnQhk6G2FNWyT,Dancing Mad (Ultimate) P2 prog,Dancing Mad,15,Dancing Mad,100,False,82.74,63.72,2,307.3,2026-06-07T18:19:10.316000+00:00,2026-06-07T18:24:17.641000+00:00,1780856350316
KRqJnQhk6G2FNWyT,Dancing Mad (Ultimate) P2 prog,Dancing Mad,16,Dancing Mad,100,False,91.7,17.05,1,205.6,2026-06-07T18:24:45.943000+00:00,2026-06-07T18:28:11.549000+00:00,1780856685943
KRqJnQhk6G2FNWyT,Dancing Mad (Ultimate) P2 prog,Dancing Mad,17,Dancing Mad,100,False,95.64,56.43,1,107.1,2026-06-07T18:28:32.352000+00:00,2026-06-07T18:30:19.453000+00:00,1780856912352
KRqJnQhk6G2FNWyT,Dancing Mad (Ultimate) P2 prog,Dancing Mad,18,Dancing Mad,100,False,97.61,76.18,1,51.2,2026-06-07T18:30:37.322000+00:00,2026-06-07T18:31:28.476000+00:00,1780857037322
KRqJnQhk6G2FNWyT,Dancing Mad (Ultimate) P2 prog,Dancing Mad,19,Dancing Mad,100,False,92.64,26.43,1,198.8,2026-06-07T18:31:47.295000+00:00,2026-06-07T18:35:06.072000+00:00,1780857107295
KRqJnQhk6G2FNWyT,Dancing Mad (Ultimate) P2 prog,Dancing Mad,20,Dancing Mad,100,False,91.76,17.68,1,200.9,2026-06-07T18:36:01.134000+00:00,2026-06-07T18:39:22.036000+00:00,1780857361134
KRqJnQhk6G2FNWyT,Dancing Mad (Ultimate) P2 prog,Dancing Mad,21,Dancing Mad,100,False,92.21,22.18,1,196.9,2026-06-07T18:39:40.483000+00:00,2026-06-07T18:42:57.371000+00:00,1780857580483
KRqJnQhk6G2FNWyT,Dancing Mad (Ultimate) P2 prog,Dancing Mad,22,Dancing Mad,100,False,85.35,76.79,2,290.6,2026-06-07T18:50:41.221000+00:00,2026-06-07T18:55:31.863000+00:00,1780858241221
KRqJnQhk6G2FNWyT,Dancing Mad (Ultimate) P2 prog,Dancing Mad,23,Dancing Mad,100,False,82.9,64.52,2,280.2,2026-06-07T18:57:53.751000+00:00,2026-06-07T19:02:33.929000+00:00,1780858673751
KRqJnQhk6G2FNWyT,Dancing Mad (Ultimate) P2 prog,Dancing Mad,24,Dancing Mad,100,False,82.95,64.79,2,286.6,2026-06-07T19:03:56.178000+00:00,2026-06-07T19:08:42.788000+00:00,1780859036178
KRqJnQhk6G2FNWyT,Dancing Mad (Ultimate) P2 prog,Dancing Mad,25,Dancing Mad,100,False,82.71,63.56,2,286.3,2026-06-07T19:15:34.951000+00:00,2026-06-07T19:20:21.280000+00:00,1780859734951
KRqJnQhk6G2FNWyT,Dancing Mad (Ultimate) P2 prog,Dancing Mad,26,Dancing Mad,100,False,84.35,71.78,2,285.4,2026-06-07T19:23:39.438000+00:00,2026-06-07T19:28:24.848000+00:00,1780860219438
KRqJnQhk6G2FNWyT,Dancing Mad (Ultimate) P2 prog,Dancing Mad,27,Dancing Mad,100,False,95.06,50.67,1,114.7,2026-06-07T19:28:44.492000+00:00,2026-06-07T19:30:39.146000+00:00,1780860524492
KRqJnQhk6G2FNWyT,Dancing Mad (Ultimate) P2 prog,Dancing Mad,28,Dancing Mad,100,False,83.3,66.5,2,295.0,2026-06-07T19:33:47.014000+00:00,2026-06-07T19:38:42.050000+00:00,1780860827014
KRqJnQhk6G2FNWyT,Dancing Mad (Ultimate) P2 prog,Dancing Mad,29,Dancing Mad,100,False,91.7,17.03,1,206.4,2026-06-07T19:39:15.029000+00:00,2026-06-07T19:42:41.393000+00:00,1780861155029
KRqJnQhk6G2FNWyT,Dancing Mad (Ultimate) P2 prog,Dancing Mad,30,Dancing Mad,100,False,83.27,66.37,2,286.6,2026-06-07T19:43:00.185000+00:00,2026-06-07T19:47:46.787000+00:00,1780861380185
KRqJnQhk6G2FNWyT,Dancing Mad (Ultimate) P2 prog,Dancing Mad,31,Dancing Mad,100,False,84.68,73.41,2,286.0,2026-06-07T19:48:07.580000+00:00,2026-06-07T19:52:53.572000+00:00,1780861687580
KRqJnQhk6G2FNWyT,Dancing Mad (Ultimate) P2 prog,Dancing Mad,32,Dancing Mad,100,False,82.4,62.02,2,286.4,2026-06-07T19:53:13.305000+00:00,2026-06-07T19:57:59.741000+00:00,1780861993305
KRqJnQhk6G2FNWyT,Dancing Mad (Ultimate) P2 prog,Dancing Mad,33,Dancing Mad,100,False,87.4,87.02,2,265.1,2026-06-07T20:05:55.597000+00:00,2026-06-07T20:10:20.716000+00:00,1780862755597
KRqJnQhk6G2FNWyT,Dancing Mad (Ultimate) P2 prog,Dancing Mad,34,Dancing Mad,100,False,93.41,34.15,1,154.3,2026-06-07T20:10:38.625000+00:00,2026-06-07T20:13:12.924000+00:00,1780863038625
KRqJnQhk6G2FNWyT,Dancing Mad (Ultimate) P2 prog,Dancing Mad,35,Dancing Mad,100,False,82.65,63.25,2,285.1,2026-06-07T20:13:32.018000+00:00,2026-06-07T20:18:17.157000+00:00,1780863212018
KRqJnQhk6G2FNWyT,Dancing Mad (Ultimate) P2 prog,Dancing Mad,36,Dancing Mad,100,False,96.89,68.98,1,73.9,2026-06-07T20:20:00.249000+00:00,2026-06-07T20:21:14.172000+00:00,1780863600249
KRqJnQhk6G2FNWyT,Dancing Mad (Ultimate) P2 prog,Dancing Mad,37,Dancing Mad,100,False,81.98,59.91,2,285.9,2026-06-07T20:21:33.324000+00:00,2026-06-07T20:26:19.253000+00:00,1780863693324
KRqJnQhk6G2FNWyT,Dancing Mad (Ultimate) P2 prog,Dancing Mad,38,Dancing Mad,100,False,82.49,62.45,2,317.1,2026-06-07T20:27:05.868000+00:00,2026-06-07T20:32:22.933000+00:00,1780864025868
KRqJnQhk6G2FNWyT,Dancing Mad (Ultimate) P2 prog,Dancing Mad,39,Dancing Mad,100,False,81.18,55.93,2,318.2,2026-06-07T20:33:14.969000+00:00,2026-06-07T20:38:33.137000+00:00,1780864394969
KRqJnQhk6G2FNWyT,Dancing Mad (Ultimate) P2 prog,Dancing Mad,40,Dancing Mad,100,False,82.4,62.02,2,284.4,2026-06-07T20:39:15.062000+00:00,2026-06-07T20:43:59.503000+00:00,1780864755062
KRqJnQhk6G2FNWyT,Dancing Mad (Ultimate) P2 prog,Dancing Mad,41,Dancing Mad,100,False,81.22,56.13,2,307.1,2026-06-07T20:44:42.908000+00:00,2026-06-07T20:49:49.963000+00:00,1780865082908
KRqJnQhk6G2FNWyT,Dancing Mad (Ultimate) P2 prog,Dancing Mad,42,Dancing Mad,100,False,83.79,68.98,2,265.4,2026-06-07T20:50:22.207000+00:00,2026-06-07T20:54:47.641000+00:00,1780865422207
KRqJnQhk6G2FNWyT,Dancing Mad (Ultimate) P2 prog,Dancing Mad,43,Dancing Mad,100,False,97.52,75.25,1,57.6,2026-06-07T20:55:09.246000+00:00,2026-06-07T20:56:06.874000+00:00,1780865709246
KRqJnQhk6G2FNWyT,Dancing Mad (Ultimate) P2 prog,Dancing Mad,44,Dancing Mad,100,False,81.59,57.96,2,286.3,2026-06-07T20:56:23.984000+00:00,2026-06-07T21:01:10.314000+00:00,1780865783984
F7CxRNZKpnv1XhzM,Dancing Mad (Ultimate) P2,Dancing Mad,1,Dancing Mad,100,False,95.07,50.79,1,114.5,2026-06-09T18:05:59.670000+00:00,2026-06-09T18:07:54.162000+00:00,1781028359670
F7CxRNZKpnv1XhzM,Dancing Mad (Ultimate) P2,Dancing Mad,2,Dancing Mad,100,False,91.79,17.99,1,207.2,2026-06-09T18:08:15.954000+00:00,2026-06-09T18:11:43.198000+00:00,1781028495954
F7CxRNZKpnv1XhzM,Dancing Mad (Ultimate) P2,Dancing Mad,3,Dancing Mad,100,False,91.79,17.96,1,197.9,2026-06-09T18:12:11.126000+00:00,2026-06-09T18:15:29.013000+00:00,1781028731126
F7CxRNZKpnv1XhzM,Dancing Mad (Ultimate) P2,Dancing Mad,4,Dancing Mad,100,False,82.94,64.73,2,296.3,2026-06-09T18:16:16.597000+00:00,2026-06-09T18:21:12.928000+00:00,1781028976597
F7CxRNZKpnv1XhzM,Dancing Mad (Ultimate) P2,Dancing Mad,5,Dancing Mad,100,False,97.59,75.96,1,59.6,2026-06-09T18:24:11.405000+00:00,2026-06-09T18:25:10.959000+00:00,1781029451405
F7CxRNZKpnv1XhzM,Dancing Mad (Ultimate) P2,Dancing Mad,6,Dancing Mad,100,False,91.79,17.98,1,206.2,2026-06-09T18:25:36.144000+00:00,2026-06-09T18:29:02.326000+00:00,1781029536144
F7CxRNZKpnv1XhzM,Dancing Mad (Ultimate) P2,Dancing Mad,7,Dancing Mad,100,False,82.03,60.16,2,284.6,2026-06-09T18:29:24.628000+00:00,2026-06-09T18:34:09.210000+00:00,1781029764628
F7CxRNZKpnv1XhzM,Dancing Mad (Ultimate) P2,Dancing Mad,8,Dancing Mad,100,False,84.62,73.1,2,270.9,2026-06-09T18:38:14.540000+00:00,2026-06-09T18:42:45.412000+00:00,1781030294540
F7CxRNZKpnv1XhzM,Dancing Mad (Ultimate) P2,Dancing Mad,9,Dancing Mad,100,False,94.57,45.7,1,131.6,2026-06-09T18:44:07.332000+00:00,2026-06-09T18:46:18.939000+00:00,1781030647332
F7CxRNZKpnv1XhzM,Dancing Mad (Ultimate) P2,Dancing Mad,10,Dancing Mad,100,False,82.35,61.77,2,301.0,2026-06-09T18:46:36.357000+00:00,2026-06-09T18:51:37.327000+00:00,1781030796357
F7CxRNZKpnv1XhzM,Dancing Mad (Ultimate) P2,Dancing Mad,11,Dancing Mad,100,False,92.01,20.11,1,201.1,2026-06-09T19:01:22.445000+00:00,2026-06-09T19:04:43.588000+00:00,1781031682445
F7CxRNZKpnv1XhzM,Dancing Mad (Ultimate) P2,Dancing Mad,12,Dancing Mad,100,False,72.26,11.34,2,391.4,2026-06-09T19:06:22.865000+00:00,2026-06-09T19:12:54.300000+00:00,1781031982865
F7CxRNZKpnv1XhzM,Dancing Mad (Ultimate) P2,Dancing Mad,13,Dancing Mad,100,False,95.23,52.3,1,111.4,2026-06-09T19:16:24.747000+00:00,2026-06-09T19:18:16.189000+00:00,1781032584747
F7CxRNZKpnv1XhzM,Dancing Mad (Ultimate) P2,Dancing Mad,14,Dancing Mad,100,False,92.89,28.93,1,190.8,2026-06-09T19:18:35.302000+00:00,2026-06-09T19:21:46.151000+00:00,1781032715302
F7CxRNZKpnv1XhzM,Dancing Mad (Ultimate) P2,Dancing Mad,15,Dancing Mad,100,False,83.98,69.92,2,279.8,2026-06-09T19:22:27.069000+00:00,2026-06-09T19:27:06.821000+00:00,1781032947069
F7CxRNZKpnv1XhzM,Dancing Mad (Ultimate) P2,Dancing Mad,16,Dancing Mad,100,False,82.34,61.72,2,291.8,2026-06-09T19:27:37.858000+00:00,2026-06-09T19:32:29.619000+00:00,1781033257858
F7CxRNZKpnv1XhzM,Dancing Mad (Ultimate) P2,Dancing Mad,17,Dancing Mad,100,False,95.83,58.33,1,97.4,2026-06-09T19:34:58.533000+00:00,2026-06-09T19:36:35.907000+00:00,1781033698533
F7CxRNZKpnv1XhzM,Dancing Mad (Ultimate) P2,Dancing Mad,18,Dancing Mad,100,False,82.58,62.94,2,285.0,2026-06-09T19:36:53.854000+00:00,2026-06-09T19:41:38.877000+00:00,1781033813854
F7CxRNZKpnv1XhzM,Dancing Mad (Ultimate) P2,Dancing Mad,19,Dancing Mad,100,False,79.7,48.5,2,307.6,2026-06-09T19:41:59.951000+00:00,2026-06-09T19:47:07.555000+00:00,1781034119951
F7CxRNZKpnv1XhzM,Dancing Mad (Ultimate) P2,Dancing Mad,20,Dancing Mad,100,False,91.57,15.72,1,208.3,2026-06-09T19:47:28.316000+00:00,2026-06-09T19:50:56.648000+00:00,1781034448316
F7CxRNZKpnv1XhzM,Dancing Mad (Ultimate) P2,Dancing Mad,21,Dancing Mad,100,False,80.45,52.29,2,307.5,2026-06-09T19:51:13.355000+00:00,2026-06-09T19:56:20.840000+00:00,1781034673355
F7CxRNZKpnv1XhzM,Dancing Mad (Ultimate) P2,Dancing Mad,22,Dancing Mad,100,False,81.58,57.9,2,286.0,2026-06-09T19:56:40.209000+00:00,2026-06-09T20:01:26.222000+00:00,1781035000209
F7CxRNZKpnv1XhzM,Dancing Mad (Ultimate) P2,Dancing Mad,23,Dancing Mad,100,False,80.61,53.06,2,298.5,2026-06-09T20:13:43.789000+00:00,2026-06-09T20:18:42.292000+00:00,1781036023789
F7CxRNZKpnv1XhzM,Dancing Mad (Ultimate) P2,Dancing Mad,24,Dancing Mad,100,False,85.41,77.07,2,260.7,2026-06-09T20:19:17.840000+00:00,2026-06-09T20:23:38.552000+00:00,1781036357840
F7CxRNZKpnv1XhzM,Dancing Mad (Ultimate) P2,Dancing Mad,25,Dancing Mad,100,False,79.84,49.24,2,306.9,2026-06-09T20:23:56.112000+00:00,2026-06-09T20:29:02.979000+00:00,1781036636112
F7CxRNZKpnv1XhzM,Dancing Mad (Ultimate) P2,Dancing Mad,26,Dancing Mad,100,False,97.58,75.86,1,52.8,2026-06-09T20:29:22.780000+00:00,2026-06-09T20:30:15.586000+00:00,1781036962780
F7CxRNZKpnv1XhzM,Dancing Mad (Ultimate) P2,Dancing Mad,27,Dancing Mad,100,False,79.77,48.86,2,303.6,2026-06-09T20:30:33.272000+00:00,2026-06-09T20:35:36.882000+00:00,1781037033272
F7CxRNZKpnv1XhzM,Dancing Mad (Ultimate) P2,Dancing Mad,28,Dancing Mad,100,False,82,60.02,2,292.0,2026-06-09T20:36:02.374000+00:00,2026-06-09T20:40:54.400000+00:00,1781037362374
F7CxRNZKpnv1XhzM,Dancing Mad (Ultimate) P2,Dancing Mad,29,Dancing Mad,100,False,78.54,42.7,2,327.1,2026-06-09T20:41:16.245000+00:00,2026-06-09T20:46:43.365000+00:00,1781037676245
F7CxRNZKpnv1XhzM,Dancing Mad (Ultimate) P2,Dancing Mad,30,Dancing Mad,100,False,78.48,42.41,2,347.6,2026-06-09T20:47:04.039000+00:00,2026-06-09T20:52:51.660000+00:00,1781038024039
F7CxRNZKpnv1XhzM,Dancing Mad (Ultimate) P2,Dancing Mad,31,Dancing Mad,100,False,96.67,66.71,1,77.2,2026-06-09T20:53:09.918000+00:00,2026-06-09T20:54:27.096000+00:00,1781038389918
F7CxRNZKpnv1XhzM,Dancing Mad (Ultimate) P2,Dancing Mad,32,Dancing Mad,100,False,83.27,66.36,2,276.5,2026-06-09T20:54:45.487000+00:00,2026-06-09T20:59:22.023000+00:00,1781038485487
xTRvLPQgzqcH1Zam,Dancing Mad (Ultimate) P3,Dancing Mad,1,Dancing Mad,100,False,95.52,55.2,1,106.7,2026-06-10T18:00:12.971000+00:00,2026-06-10T18:01:59.688000+00:00,1781114412971
xTRvLPQgzqcH1Zam,Dancing Mad (Ultimate) P3,Dancing Mad,2,Dancing Mad,100,False,97.2,72.07,1,74.9,2026-06-10T18:02:39.526000+00:00,2026-06-10T18:03:54.466000+00:00,1781114559526
xTRvLPQgzqcH1Zam,Dancing Mad (Ultimate) P3,Dancing Mad,3,Dancing Mad,100,False,81.91,59.59,2,290.6,2026-06-10T18:04:12.783000+00:00,2026-06-10T18:09:03.338000+00:00,1781114652783
xTRvLPQgzqcH1Zam,Dancing Mad (Ultimate) P3,Dancing Mad,4,Dancing Mad,100,False,81.11,55.57,2,314.5,2026-06-10T18:09:46.682000+00:00,2026-06-10T18:15:01.171000+00:00,1781114986682
xTRvLPQgzqcH1Zam,Dancing Mad (Ultimate) P3,Dancing Mad,5,Dancing Mad,100,False,80.44,52.24,2,307.5,2026-06-10T18:15:35.030000+00:00,2026-06-10T18:20:42.547000+00:00,1781115335030
xTRvLPQgzqcH1Zam,Dancing Mad (Ultimate) P3,Dancing Mad,6,Dancing Mad,100,False,80.97,54.89,2,291.0,2026-06-10T18:22:07.208000+00:00,2026-06-10T18:26:58.239000+00:00,1781115727208
xTRvLPQgzqcH1Zam,Dancing Mad (Ultimate) P3,Dancing Mad,7,Dancing Mad,100,False,80.28,51.4,2,296.8,2026-06-10T18:28:14.492000+00:00,2026-06-10T18:33:11.311000+00:00,1781116094492
xTRvLPQgzqcH1Zam,Dancing Mad (Ultimate) P3,Dancing Mad,8,Dancing Mad,100,False,95.51,55.14,1,97.3,2026-06-10T18:33:34.174000+00:00,2026-06-10T18:35:11.443000+00:00,1781116414174
xTRvLPQgzqcH1Zam,Dancing Mad (Ultimate) P3,Dancing Mad,9,Dancing Mad,100,False,73.95,19.79,2,383.1,2026-06-10T18:35:28.789000+00:00,2026-06-10T18:41:51.850000+00:00,1781116528789
xTRvLPQgzqcH1Zam,Dancing Mad (Ultimate) P3,Dancing Mad,10,Dancing Mad,100,False,81.64,58.2,2,297.1,2026-06-10T18:45:24.715000+00:00,2026-06-10T18:50:21.823000+00:00,1781117124715
xTRvLPQgzqcH1Zam,Dancing Mad (Ultimate) P3,Dancing Mad,11,Dancing Mad,100,False,81.33,56.68,2,317.2,2026-06-10T18:51:06.298000+00:00,2026-06-10T18:56:23.542000+00:00,1781117466298
xTRvLPQgzqcH1Zam,Dancing Mad (Ultimate) P3,Dancing Mad,12,Dancing Mad,100,False,78.45,42.28,2,334.0,2026-06-10T18:56:53.180000+00:00,2026-06-10T19:02:27.151000+00:00,1781117813180
xTRvLPQgzqcH1Zam,Dancing Mad (Ultimate) P3,Dancing Mad,13,Dancing Mad,100,False,67.39,86.97,3,478.4,2026-06-10T19:08:49.581000+00:00,2026-06-10T19:16:47.970000+00:00,1781118529581
xTRvLPQgzqcH1Zam,Dancing Mad (Ultimate) P3,Dancing Mad,14,Dancing Mad,100,False,70,0.01,2,377.6,2026-06-10T19:18:00.736000+00:00,2026-06-10T19:24:18.351000+00:00,1781119080736
xTRvLPQgzqcH1Zam,Dancing Mad (Ultimate) P3,Dancing Mad,15,Dancing Mad,100,False,83.77,68.86,2,272.0,2026-06-10T19:58:12.923000+00:00,2026-06-10T20:02:44.958000+00:00,1781121492923
xTRvLPQgzqcH1Zam,Dancing Mad (Ultimate) P3,Dancing Mad,16,Dancing Mad,100,False,81.68,58.42,2,290.1,2026-06-10T20:03:13.490000+00:00,2026-06-10T20:08:03.600000+00:00,1781121793490
xTRvLPQgzqcH1Zam,Dancing Mad (Ultimate) P3,Dancing Mad,17,Dancing Mad,100,False,80.79,53.99,2,303.1,2026-06-10T20:11:29.475000+00:00,2026-06-10T20:16:32.543000+00:00,1781122289475
xTRvLPQgzqcH1Zam,Dancing Mad (Ultimate) P3,Dancing Mad,18,Dancing Mad,100,False,81.82,59.14,2,284.3,2026-06-10T20:18:11.054000+00:00,2026-06-10T20:22:55.401000+00:00,1781122691054
xTRvLPQgzqcH1Zam,Dancing Mad (Ultimate) P3,Dancing Mad,19,Dancing Mad,100,False,70,0.01,2,377.8,2026-06-10T20:23:15.512000+00:00,2026-06-10T20:29:33.279000+00:00,1781122995512
xTRvLPQgzqcH1Zam,Dancing Mad (Ultimate) P3,Dancing Mad,20,Dancing Mad,100,False,76.79,33.98,2,337.8,2026-06-10T20:30:45.218000+00:00,2026-06-10T20:36:22.974000+00:00,1781123445218
xTRvLPQgzqcH1Zam,Dancing Mad (Ultimate) P3,Dancing Mad,21,Dancing Mad,100,False,77.51,37.59,2,324.9,2026-06-10T20:36:57.497000+00:00,2026-06-10T20:42:22.399000+00:00,1781123817497
xTRvLPQgzqcH1Zam,Dancing Mad (Ultimate) P3,Dancing Mad,22,Dancing Mad,100,False,81.88,59.41,2,286.2,2026-06-10T20:42:48.270000+00:00,2026-06-10T20:47:34.452000+00:00,1781124168270
xTRvLPQgzqcH1Zam,Dancing Mad (Ultimate) P3,Dancing Mad,23,Dancing Mad,100,False,67.23,86.15,3,475.8,2026-06-10T20:48:48.550000+00:00,2026-06-10T20:56:44.374000+00:00,1781124528550
xTRvLPQgzqcH1Zam,Dancing Mad (Ultimate) P3,Dancing Mad,24,Dancing Mad,100,False,79.73,48.69,2,304.2,2026-06-10T20:57:44.480000+00:00,2026-06-10T21:02:48.644000+00:00,1781125064480
CN42R6qd1tQZBDpX,Dancing Mad (Ultimate) ,Dancing Mad,1,Striking Dummy,,,,,0,0.5,2026-06-14T18:08:27.141000+00:00,2026-06-14T18:08:27.631000+00:00,1781460507141
CN42R6qd1tQZBDpX,Dancing Mad (Ultimate) ,Dancing Mad,2,Dancing Mad,100,False,92.14,21.45,1,199.6,2026-06-14T18:17:55.976000+00:00,2026-06-14T18:21:15.537000+00:00,1781461075976
CN42R6qd1tQZBDpX,Dancing Mad (Ultimate) ,Dancing Mad,3,Dancing Mad,100,False,97.48,74.88,1,60.1,2026-06-14T18:21:45.665000+00:00,2026-06-14T18:22:45.734000+00:00,1781461305665
CN42R6qd1tQZBDpX,Dancing Mad (Ultimate) ,Dancing Mad,4,Dancing Mad,100,False,91.98,19.86,1,192.7,2026-06-14T18:23:12.954000+00:00,2026-06-14T18:26:25.684000+00:00,1781461392954
CN42R6qd1tQZBDpX,Dancing Mad (Ultimate) ,Dancing Mad,5,Dancing Mad,100,False,91.61,16.18,1,208.6,2026-06-14T18:26:53.621000+00:00,2026-06-14T18:30:22.172000+00:00,1781461613621
CN42R6qd1tQZBDpX,Dancing Mad (Ultimate) ,Dancing Mad,6,Dancing Mad,100,False,80.37,51.85,2,310.6,2026-06-14T18:30:39.262000+00:00,2026-06-14T18:35:49.890000+00:00,1781461839262
CN42R6qd1tQZBDpX,Dancing Mad (Ultimate) ,Dancing Mad,7,Dancing Mad,100,False,76.95,34.78,2,346.3,2026-06-14T18:36:12.793000+00:00,2026-06-14T18:41:59.121000+00:00,1781462172793
CN42R6qd1tQZBDpX,Dancing Mad (Ultimate) ,Dancing Mad,8,Dancing Mad,100,False,82.32,61.6,2,296.9,2026-06-14T18:42:18.191000+00:00,2026-06-14T18:47:15.119000+00:00,1781462538191
CN42R6qd1tQZBDpX,Dancing Mad (Ultimate) ,Dancing Mad,9,Dancing Mad,100,False,79.43,47.18,2,305.0,2026-06-14T18:47:45.463000+00:00,2026-06-14T18:52:50.423000+00:00,1781462865463
CN42R6qd1tQZBDpX,Dancing Mad (Ultimate) ,Dancing Mad,10,Dancing Mad,100,False,91.52,15.2,1,205.1,2026-06-14T18:53:21.393000+00:00,2026-06-14T18:56:46.533000+00:00,1781463201393
CN42R6qd1tQZBDpX,Dancing Mad (Ultimate) ,Dancing Mad,11,Dancing Mad,100,False,91.62,16.22,1,198.1,2026-06-14T18:57:04.406000+00:00,2026-06-14T19:00:22.487000+00:00,1781463424406
CN42R6qd1tQZBDpX,Dancing Mad (Ultimate) ,Dancing Mad,12,Dancing Mad,100,False,81.68,58.4,2,320.7,2026-06-14T19:00:43.643000+00:00,2026-06-14T19:06:04.374000+00:00,1781463643643
CN42R6qd1tQZBDpX,Dancing Mad (Ultimate) ,Dancing Mad,13,Dancing Mad,100,False,97.64,76.47,1,53.6,2026-06-14T19:14:10.296000+00:00,2026-06-14T19:15:03.848000+00:00,1781464450296
CN42R6qd1tQZBDpX,Dancing Mad (Ultimate) ,Dancing Mad,14,Dancing Mad,100,False,80.2,51.01,2,301.7,2026-06-14T19:15:20.798000+00:00,2026-06-14T19:20:22.527000+00:00,1781464520798
CN42R6qd1tQZBDpX,Dancing Mad (Ultimate) ,Dancing Mad,15,Dancing Mad,100,False,71.1,5.5,2,391.6,2026-06-14T19:20:41.177000+00:00,2026-06-14T19:27:12.780000+00:00,1781464841177
CN42R6qd1tQZBDpX,Dancing Mad (Ultimate) ,Dancing Mad,16,Dancing Mad,100,False,94.76,47.63,1,115.8,2026-06-14T19:27:34.550000+00:00,2026-06-14T19:29:30.348000+00:00,1781465254550
CN42R6qd1tQZBDpX,Dancing Mad (Ultimate) ,Dancing Mad,17,Dancing Mad,100,False,82.02,60.11,2,296.0,2026-06-14T19:29:50.664000+00:00,2026-06-14T19:34:46.616000+00:00,1781465390664
CN42R6qd1tQZBDpX,Dancing Mad (Ultimate) ,Dancing Mad,18,Dancing Mad,100,False,71.38,6.93,2,389.7,2026-06-14T19:35:09.929000+00:00,2026-06-14T19:41:39.644000+00:00,1781465709929
CN42R6qd1tQZBDpX,Dancing Mad (Ultimate) ,Dancing Mad,19,Dancing Mad,100,False,70.07,0.36,2,391.9,2026-06-14T19:42:10.113000+00:00,2026-06-14T19:48:41.996000+00:00,1781466130113
CN42R6qd1tQZBDpX,Dancing Mad (Ultimate) ,Dancing Mad,20,Dancing Mad,100,False,92.01,20.1,1,200.8,2026-06-14T19:49:12.262000+00:00,2026-06-14T19:52:33.031000+00:00,1781466552262
CN42R6qd1tQZBDpX,Dancing Mad (Ultimate) ,Dancing Mad,21,Dancing Mad,100,False,81.86,59.31,2,281.9,2026-06-14T19:52:58.650000+00:00,2026-06-14T19:57:40.585000+00:00,1781466778650
CN42R6qd1tQZBDpX,Dancing Mad (Ultimate) ,Dancing Mad,22,Dancing Mad,100,False,91.73,17.35,1,208.4,2026-06-14T20:09:31.238000+00:00,2026-06-14T20:12:59.617000+00:00,1781467771238
CN42R6qd1tQZBDpX,Dancing Mad (Ultimate) ,Dancing Mad,23,Dancing Mad,100,False,91.41,14.18,1,207.1,2026-06-14T20:13:28.321000+00:00,2026-06-14T20:16:55.389000+00:00,1781468008321
CN42R6qd1tQZBDpX,Dancing Mad (Ultimate) ,Dancing Mad,24,Dancing Mad,100,False,81.46,57.33,2,285.7,2026-06-14T20:17:13.782000+00:00,2026-06-14T20:21:59.501000+00:00,1781468233782
CN42R6qd1tQZBDpX,Dancing Mad (Ultimate) ,Dancing Mad,25,Dancing Mad,100,False,77.36,36.8,2,387.4,2026-06-14T20:22:58.465000+00:00,2026-06-14T20:29:25.824000+00:00,1781468578465
CN42R6qd1tQZBDpX,Dancing Mad (Ultimate) ,Dancing Mad,26,Dancing Mad,100,False,92.03,20.38,1,188.6,2026-06-14T20:30:04.837000+00:00,2026-06-14T20:33:13.395000+00:00,1781469004837
CN42R6qd1tQZBDpX,Dancing Mad (Ultimate) ,Dancing Mad,27,Dancing Mad,100,False,79.49,47.48,2,307.3,2026-06-14T20:33:47.513000+00:00,2026-06-14T20:38:54.853000+00:00,1781469227513
CN42R6qd1tQZBDpX,Dancing Mad (Ultimate) ,Dancing Mad,28,Dancing Mad,100,False,97.45,74.56,1,58.9,2026-06-14T20:39:18.756000+00:00,2026-06-14T20:40:17.683000+00:00,1781469558756
CN42R6qd1tQZBDpX,Dancing Mad (Ultimate) ,Dancing Mad,29,Dancing Mad,100,False,82,60.02,2,280.8,2026-06-14T20:40:35.699000+00:00,2026-06-14T20:45:16.539000+00:00,1781469635699
CN42R6qd1tQZBDpX,Dancing Mad (Ultimate) ,Dancing Mad,30,Dancing Mad,100,False,91.61,16.16,1,208.5,2026-06-14T20:47:25.863000+00:00,2026-06-14T20:50:54.321000+00:00,1781470045863
CN42R6qd1tQZBDpX,Dancing Mad (Ultimate) ,Dancing Mad,31,Dancing Mad,100,False,94.87,48.76,1,115.7,2026-06-14T20:51:18.794000+00:00,2026-06-14T20:53:14.511000+00:00,1781470278794
CN42R6qd1tQZBDpX,Dancing Mad (Ultimate) ,Dancing Mad,32,Dancing Mad,100,False,73.24,16.24,2,392.1,2026-06-14T20:53:32.812000+00:00,2026-06-14T21:00:04.897000+00:00,1781470412812
mfD7CwbN6phMHX9B,Dancing Mad (Ultimate) P3,Dancing Mad,1,Dancing Mad,100,False,92.3,23.06,1,198.0,2026-06-16T18:01:24.169000+00:00,2026-06-16T18:04:42.188000+00:00,1781632884169
mfD7CwbN6phMHX9B,Dancing Mad (Ultimate) P3,Dancing Mad,2,Dancing Mad,100,False,77.47,37.37,2,330.0,2026-06-16T18:05:47.433000+00:00,2026-06-16T18:11:17.451000+00:00,1781633147433
mfD7CwbN6phMHX9B,Dancing Mad (Ultimate) P3,Dancing Mad,3,Dancing Mad,100,False,70.28,1.4,2,391.6,2026-06-16T18:11:56.497000+00:00,2026-06-16T18:18:28.074000+00:00,1781633516497
mfD7CwbN6phMHX9B,Dancing Mad (Ultimate) P3,Dancing Mad,4,Dancing Mad,100,False,80.9,54.54,2,292.6,2026-06-16T18:18:52.395000+00:00,2026-06-16T18:23:45.039000+00:00,1781633932395
mfD7CwbN6phMHX9B,Dancing Mad (Ultimate) P3,Dancing Mad,5,Dancing Mad,100,False,75.35,26.77,2,381.3,2026-06-16T18:24:03.085000+00:00,2026-06-16T18:30:24.374000+00:00,1781634243085
mfD7CwbN6phMHX9B,Dancing Mad (Ultimate) P3,Dancing Mad,6,Dancing Mad,100,False,70,0.01,2,376.6,2026-06-16T18:31:25.861000+00:00,2026-06-16T18:37:42.430000+00:00,1781634685861
mfD7CwbN6phMHX9B,Dancing Mad (Ultimate) P3,Dancing Mad,7,Dancing Mad,100,False,70.45,2.25,2,380.9,2026-06-16T18:39:48.306000+00:00,2026-06-16T18:46:09.187000+00:00,1781635188306
mfD7CwbN6phMHX9B,Dancing Mad (Ultimate) P3,Dancing Mad,8,Dancing Mad,100,False,77.53,37.66,2,324.7,2026-06-16T18:46:28.295000+00:00,2026-06-16T18:51:53.018000+00:00,1781635588295
mfD7CwbN6phMHX9B,Dancing Mad (Ultimate) P3,Dancing Mad,9,Dancing Mad,100,False,82.74,63.72,2,280.8,2026-06-16T18:59:11.826000+00:00,2026-06-16T19:03:52.659000+00:00,1781636351826
mfD7CwbN6phMHX9B,Dancing Mad (Ultimate) P3,Dancing Mad,10,Dancing Mad,100,False,80.87,54.39,2,286.5,2026-06-16T19:05:30.709000+00:00,2026-06-16T19:10:17.210000+00:00,1781636730709
mfD7CwbN6phMHX9B,Dancing Mad (Ultimate) P3,Dancing Mad,11,Dancing Mad,100,False,66.99,84.99,3,479.7,2026-06-16T19:10:58.388000+00:00,2026-06-16T19:18:58.044000+00:00,1781637058388
mfD7CwbN6phMHX9B,Dancing Mad (Ultimate) P3,Dancing Mad,12,Dancing Mad,100,False,63.28,66.43,3,523.7,2026-06-16T19:20:26.869000+00:00,2026-06-16T19:29:10.534000+00:00,1781637626869
mfD7CwbN6phMHX9B,Dancing Mad (Ultimate) P3,Dancing Mad,13,Dancing Mad,100,False,79.36,46.84,2,313.2,2026-06-16T19:31:54.133000+00:00,2026-06-16T19:37:07.374000+00:00,1781638314133
mfD7CwbN6phMHX9B,Dancing Mad (Ultimate) P3,Dancing Mad,14,Dancing Mad,100,False,64.61,73.06,3,508.2,2026-06-16T19:37:41.998000+00:00,2026-06-16T19:46:10.191000+00:00,1781638661998
mfD7CwbN6phMHX9B,Dancing Mad (Ultimate) P3,Dancing Mad,15,Dancing Mad,100,False,79.66,48.32,2,311.5,2026-06-16T19:47:21.088000+00:00,2026-06-16T19:52:32.626000+00:00,1781639241088
mfD7CwbN6phMHX9B,Dancing Mad (Ultimate) P3,Dancing Mad,16,Dancing Mad,100,False,83.04,65.24,2,268.8,2026-06-16T19:52:54.002000+00:00,2026-06-16T19:57:22.841000+00:00,1781639574002
mfD7CwbN6phMHX9B,Dancing Mad (Ultimate) P3,Dancing Mad,17,Dancing Mad,100,False,82.26,61.3,2,291.5,2026-06-16T19:58:08.062000+00:00,2026-06-16T20:02:59.516000+00:00,1781639888062
mfD7CwbN6phMHX9B,Dancing Mad (Ultimate) P3,Dancing Mad,18,Dancing Mad,100,False,97.3,73.02,1,63.4,2026-06-16T20:11:09.170000+00:00,2026-06-16T20:12:12.593000+00:00,1781640669170
mfD7CwbN6phMHX9B,Dancing Mad (Ultimate) P3,Dancing Mad,19,Dancing Mad,100,False,91.89,18.9,1,190.5,2026-06-16T20:12:30.148000+00:00,2026-06-16T20:15:40.632000+00:00,1781640750148
mfD7CwbN6phMHX9B,Dancing Mad (Ultimate) P3,Dancing Mad,20,Dancing Mad,100,False,80.45,52.26,2,290.7,2026-06-16T20:17:21.831000+00:00,2026-06-16T20:22:12.497000+00:00,1781641041831
mfD7CwbN6phMHX9B,Dancing Mad (Ultimate) P3,Dancing Mad,21,Dancing Mad,100,False,97.21,72.1,1,63.8,2026-06-16T20:22:47.939000+00:00,2026-06-16T20:23:51.738000+00:00,1781641367939
mfD7CwbN6phMHX9B,Dancing Mad (Ultimate) P3,Dancing Mad,22,Dancing Mad,100,False,79.97,49.86,2,301.5,2026-06-16T20:24:09.562000+00:00,2026-06-16T20:29:11.081000+00:00,1781641449562
mfD7CwbN6phMHX9B,Dancing Mad (Ultimate) P3,Dancing Mad,23,Dancing Mad,100,False,79.53,47.68,2,304.3,2026-06-16T20:30:08.173000+00:00,2026-06-16T20:35:12.448000+00:00,1781641808173
mfD7CwbN6phMHX9B,Dancing Mad (Ultimate) P3,Dancing Mad,24,Dancing Mad,100,False,79.31,46.57,2,307.2,2026-06-16T20:36:18.210000+00:00,2026-06-16T20:41:25.399000+00:00,1781642178210
mfD7CwbN6phMHX9B,Dancing Mad (Ultimate) P3,Dancing Mad,25,Dancing Mad,100,False,72.59,12.97,2,391.5,2026-06-16T20:41:45.116000+00:00,2026-06-16T20:48:16.642000+00:00,1781642505116
mfD7CwbN6phMHX9B,Dancing Mad (Ultimate) P3,Dancing Mad,26,Dancing Mad,100,False,80.41,52.06,2,294.0,2026-06-16T20:49:15.889000+00:00,2026-06-16T20:54:09.842000+00:00,1781642955889
mfD7CwbN6phMHX9B,Dancing Mad (Ultimate) P3,Dancing Mad,27,Dancing Mad,100,False,70.57,2.88,2,391.3,2026-06-16T20:54:45.212000+00:00,2026-06-16T21:01:16.482000+00:00,1781643285212
jaXZkRVhbBcQ14Cd,Dancing Mad (Ultimate) P3,Dancing Mad,1,Striking Dummy,,,,,0,37.2,2026-06-17T12:43:33.786000+00:00,2026-06-17T12:44:11.031000+00:00,1781700213786
jaXZkRVhbBcQ14Cd,Dancing Mad (Ultimate) P3,Dancing Mad,2,Striking Dummy,,,,,0,24.3,2026-06-17T12:48:06.844000+00:00,2026-06-17T12:48:31.177000+00:00,1781700486844
jaXZkRVhbBcQ14Cd,Dancing Mad (Ultimate) P3,Dancing Mad,3,Striking Dummy,,,,,0,31.7,2026-06-17T12:51:14.951000+00:00,2026-06-17T12:51:46.668000+00:00,1781700674951
jaXZkRVhbBcQ14Cd,Dancing Mad (Ultimate) P3,Dancing Mad,4,Striking Dummy,,,,,0,74.5,2026-06-17T13:24:07.970000+00:00,2026-06-17T13:25:22.518000+00:00,1781702647970
jaXZkRVhbBcQ14Cd,Dancing Mad (Ultimate) P3,Dancing Mad,5,Striking Dummy,,,,,0,31.7,2026-06-17T13:33:09.192000+00:00,2026-06-17T13:33:40.858000+00:00,1781703189192
jaXZkRVhbBcQ14Cd,Dancing Mad (Ultimate) P3,Dancing Mad,6,Striking Dummy,,,,,0,0.5,2026-06-17T17:47:25.104000+00:00,2026-06-17T17:47:25.594000+00:00,1781718445104
jaXZkRVhbBcQ14Cd,Dancing Mad (Ultimate) P3,Dancing Mad,7,Dancing Mad,100,False,63.66,68.31,3,519.9,2026-06-17T17:59:45.630000+00:00,2026-06-17T18:08:25.502000+00:00,1781719185630
jaXZkRVhbBcQ14Cd,Dancing Mad (Ultimate) P3,Dancing Mad,8,Dancing Mad,100,False,91.7,17.05,1,198.2,2026-06-17T18:10:07.387000+00:00,2026-06-17T18:13:25.611000+00:00,1781719807387
jaXZkRVhbBcQ14Cd,Dancing Mad (Ultimate) P3,Dancing Mad,9,Dancing Mad,100,False,79.71,48.58,2,305.1,2026-06-17T18:13:46.726000+00:00,2026-06-17T18:18:51.814000+00:00,1781720026726
jaXZkRVhbBcQ14Cd,Dancing Mad (Ultimate) P3,Dancing Mad,10,Dancing Mad,100,False,77.18,35.91,2,326.0,2026-06-17T18:20:22.367000+00:00,2026-06-17T18:25:48.352000+00:00,1781720422367
jaXZkRVhbBcQ14Cd,Dancing Mad (Ultimate) P3,Dancing Mad,11,Dancing Mad,100,False,70.79,3.95,2,383.3,2026-06-17T18:26:46.262000+00:00,2026-06-17T18:33:09.570000+00:00,1781720806262
jaXZkRVhbBcQ14Cd,Dancing Mad (Ultimate) P3,Dancing Mad,12,Dancing Mad,100,False,95.12,51.28,1,115.8,2026-06-17T18:33:42.354000+00:00,2026-06-17T18:35:38.127000+00:00,1781721222354
jaXZkRVhbBcQ14Cd,Dancing Mad (Ultimate) P3,Dancing Mad,13,Dancing Mad,100,False,73.47,17.39,2,383.7,2026-06-17T18:35:59.606000+00:00,2026-06-17T18:42:23.323000+00:00,1781721359606
jaXZkRVhbBcQ14Cd,Dancing Mad (Ultimate) P3,Dancing Mad,14,Dancing Mad,100,False,95.84,58.44,1,96.2,2026-06-17T18:42:41.777000+00:00,2026-06-17T18:44:17.942000+00:00,1781721761777
jaXZkRVhbBcQ14Cd,Dancing Mad (Ultimate) P3,Dancing Mad,15,Dancing Mad,100,False,63,65.04,3,535.4,2026-06-17T18:44:36.969000+00:00,2026-06-17T18:53:32.368000+00:00,1781721876969
jaXZkRVhbBcQ14Cd,Dancing Mad (Ultimate) P3,Dancing Mad,16,Dancing Mad,100,False,63.62,68.1,3,535.1,2026-06-17T18:56:18.298000+00:00,2026-06-17T19:05:13.422000+00:00,1781722578298
jaXZkRVhbBcQ14Cd,Dancing Mad (Ultimate) P3,Dancing Mad,17,Dancing Mad,100,False,91.14,11.41,1,203.4,2026-06-17T19:11:58.016000+00:00,2026-06-17T19:15:21.399000+00:00,1781723518016
jaXZkRVhbBcQ14Cd,Dancing Mad (Ultimate) P3,Dancing Mad,18,Dancing Mad,100,False,91.97,19.78,1,197.4,2026-06-17T19:15:37.902000+00:00,2026-06-17T19:18:55.309000+00:00,1781723737902
jaXZkRVhbBcQ14Cd,Dancing Mad (Ultimate) P3,Dancing Mad,19,Dancing Mad,100,False,77.14,35.7,2,324.7,2026-06-17T19:19:13.415000+00:00,2026-06-17T19:24:38.090000+00:00,1781723953415
jaXZkRVhbBcQ14Cd,Dancing Mad (Ultimate) P3,Dancing Mad,20,Dancing Mad,100,False,91.94,19.42,1,194.7,2026-06-17T19:25:04.522000+00:00,2026-06-17T19:28:19.243000+00:00,1781724304522
jaXZkRVhbBcQ14Cd,Dancing Mad (Ultimate) P3,Dancing Mad,21,Dancing Mad,100,False,79.38,46.9,2,303.7,2026-06-17T19:28:43.385000+00:00,2026-06-17T19:33:47.130000+00:00,1781724523385
jaXZkRVhbBcQ14Cd,Dancing Mad (Ultimate) P3,Dancing Mad,22,Dancing Mad,100,False,62.71,63.57,3,535.3,2026-06-17T19:34:07.067000+00:00,2026-06-17T19:43:02.382000+00:00,1781724847067
jaXZkRVhbBcQ14Cd,Dancing Mad (Ultimate) P3,Dancing Mad,23,Dancing Mad,100,False,91.6,16.01,1,196.0,2026-06-17T19:46:59.465000+00:00,2026-06-17T19:50:15.435000+00:00,1781725619465
jaXZkRVhbBcQ14Cd,Dancing Mad (Ultimate) P3,Dancing Mad,24,Dancing Mad,100,False,91.56,15.69,1,207.9,2026-06-17T19:50:43.825000+00:00,2026-06-17T19:54:11.738000+00:00,1781725843825
jaXZkRVhbBcQ14Cd,Dancing Mad (Ultimate) P3,Dancing Mad,25,Dancing Mad,100,False,79.27,46.38,2,307.4,2026-06-17T20:01:52.698000+00:00,2026-06-17T20:07:00.055000+00:00,1781726512698
jaXZkRVhbBcQ14Cd,Dancing Mad (Ultimate) P3,Dancing Mad,26,Dancing Mad,100,False,78.9,44.54,2,313.6,2026-06-17T20:07:24.521000+00:00,2026-06-17T20:12:38.163000+00:00,1781726844521
jaXZkRVhbBcQ14Cd,Dancing Mad (Ultimate) P3,Dancing Mad,27,Dancing Mad,100,False,70.31,1.58,2,391.3,2026-06-17T20:13:51.205000+00:00,2026-06-17T20:20:22.458000+00:00,1781727231205
jaXZkRVhbBcQ14Cd,Dancing Mad (Ultimate) P3,Dancing Mad,28,Dancing Mad,100,False,97.57,75.78,1,52.1,2026-06-17T20:21:09.435000+00:00,2026-06-17T20:22:01.543000+00:00,1781727669435
jaXZkRVhbBcQ14Cd,Dancing Mad (Ultimate) P3,Dancing Mad,29,Dancing Mad,100,False,71.2,6.01,2,390.7,2026-06-17T20:22:18.783000+00:00,2026-06-17T20:28:49.436000+00:00,1781727738783
jaXZkRVhbBcQ14Cd,Dancing Mad (Ultimate) P3,Dancing Mad,30,Dancing Mad,100,False,63.36,66.83,3,535.7,2026-06-17T20:29:30.732000+00:00,2026-06-17T20:38:26.383000+00:00,1781728170732
jaXZkRVhbBcQ14Cd,Dancing Mad (Ultimate) P3,Dancing Mad,31,Dancing Mad,100,False,91.65,16.58,1,200.1,2026-06-17T20:39:39.991000+00:00,2026-06-17T20:43:00.128000+00:00,1781728779991
jaXZkRVhbBcQ14Cd,Dancing Mad (Ultimate) P3,Dancing Mad,32,Dancing Mad,100,False,80.82,54.1,2,293.7,2026-06-17T20:43:21.212000+00:00,2026-06-17T20:48:14.872000+00:00,1781729001212
jaXZkRVhbBcQ14Cd,Dancing Mad (Ultimate) P3,Dancing Mad,33,Dancing Mad,100,False,94.54,45.45,1,131.4,2026-06-17T20:49:41.935000+00:00,2026-06-17T20:51:53.371000+00:00,1781729381935
jaXZkRVhbBcQ14Cd,Dancing Mad (Ultimate) P3,Dancing Mad,34,Dancing Mad,100,False,63.4,67.03,3,559.3,2026-06-17T20:52:20.252000+00:00,2026-06-17T21:01:39.589000+00:00,1781729540252
RMmyV2kxPW9jCf6L,Dancing Mad (Ultimate) P3,Dancing Mad,1,Dancing Mad,100,False,70.66,3.33,2,382.3,2026-06-20T18:01:32.134000+00:00,2026-06-20T18:07:54.458000+00:00,1781978492134
RMmyV2kxPW9jCf6L,Dancing Mad (Ultimate) P3,Dancing Mad,2,Dancing Mad,100,False,63.97,69.85,3,510.6,2026-06-20T18:08:17.572000+00:00,2026-06-20T18:16:48.205000+00:00,1781978897572
RMmyV2kxPW9jCf6L,Dancing Mad (Ultimate) P3,Dancing Mad,3,Dancing Mad,100,False,70.44,2.22,2,389.8,2026-06-20T18:17:10.912000+00:00,2026-06-20T18:23:40.747000+00:00,1781979430912
RMmyV2kxPW9jCf6L,Dancing Mad (Ultimate) P3,Dancing Mad,4,Dancing Mad,100,False,64.13,70.67,3,513.0,2026-06-20T18:24:02.579000+00:00,2026-06-20T18:32:35.556000+00:00,1781979842579
RMmyV2kxPW9jCf6L,Dancing Mad (Ultimate) P3,Dancing Mad,5,Dancing Mad,100,False,97.34,73.47,1,62.0,2026-06-20T18:33:30.308000+00:00,2026-06-20T18:34:32.267000+00:00,1781980410308
RMmyV2kxPW9jCf6L,Dancing Mad (Ultimate) P3,Dancing Mad,6,Dancing Mad,100,False,63.85,69.29,3,524.2,2026-06-20T18:35:27.746000+00:00,2026-06-20T18:44:11.907000+00:00,1781980527746
RMmyV2kxPW9jCf6L,Dancing Mad (Ultimate) P3,Dancing Mad,7,Dancing Mad,100,False,62.62,63.12,3,535.8,2026-06-20T18:45:23.350000+00:00,2026-06-20T18:54:19.109000+00:00,1781981123350
RMmyV2kxPW9jCf6L,Dancing Mad (Ultimate) P3,Dancing Mad,8,Dancing Mad,100,False,75.14,25.7,2,355.9,2026-06-20T18:56:16.331000+00:00,2026-06-20T19:02:12.207000+00:00,1781981776331
RMmyV2kxPW9jCf6L,Dancing Mad (Ultimate) P3,Dancing Mad,9,Dancing Mad,100,False,95.65,56.51,1,96.1,2026-06-20T19:13:29.391000+00:00,2026-06-20T19:15:05.448000+00:00,1781982809391
RMmyV2kxPW9jCf6L,Dancing Mad (Ultimate) P3,Dancing Mad,10,Dancing Mad,100,False,95.06,50.66,1,114.3,2026-06-20T19:15:32.318000+00:00,2026-06-20T19:17:26.623000+00:00,1781982932318
RMmyV2kxPW9jCf6L,Dancing Mad (Ultimate) P3,Dancing Mad,11,Dancing Mad,100,False,61.34,56.71,3,579.9,2026-06-20T19:18:07.829000+00:00,2026-06-20T19:27:47.725000+00:00,1781983087829
RMmyV2kxPW9jCf6L,Dancing Mad (Ultimate) P3,Dancing Mad,12,Dancing Mad,100,False,59.97,49.85,3,579.0,2026-06-20T19:29:58.199000+00:00,2026-06-20T19:39:37.203000+00:00,1781983798199
RMmyV2kxPW9jCf6L,Dancing Mad (Ultimate) P3,Dancing Mad,13,Dancing Mad,100,False,91.84,18.43,1,193.3,2026-06-20T19:43:08.554000+00:00,2026-06-20T19:46:21.839000+00:00,1781984588554
RMmyV2kxPW9jCf6L,Dancing Mad (Ultimate) P3,Dancing Mad,14,Dancing Mad,100,False,60.02,50.14,3,575.3,2026-06-20T19:46:40.981000+00:00,2026-06-20T19:56:16.254000+00:00,1781984800981
BRj4d8GwrPW1Jv9D,Dancing Mad (Ultimate) P3,Dancing Mad,1,Dancing Mad,100,False,79.26,46.34,2,304.5,2026-06-21T18:04:46.945000+00:00,2026-06-21T18:09:51.425000+00:00,1782065086945
BRj4d8GwrPW1Jv9D,Dancing Mad (Ultimate) P3,Dancing Mad,2,Dancing Mad,100,False,60.2,51.04,3,579.1,2026-06-21T18:10:58.744000+00:00,2026-06-21T18:20:37.795000+00:00,1782065458744
BRj4d8GwrPW1Jv9D,Dancing Mad (Ultimate) P3,Dancing Mad,3,Dancing Mad,100,False,91.81,18.13,1,189.1,2026-06-21T18:23:48.003000+00:00,2026-06-21T18:26:57.139000+00:00,1782066228003
BRj4d8GwrPW1Jv9D,Dancing Mad (Ultimate) P3,Dancing Mad,4,Dancing Mad,100,False,64.44,72.24,3,506.6,2026-06-21T18:27:15.593000+00:00,2026-06-21T18:35:42.166000+00:00,1782066435593
BRj4d8GwrPW1Jv9D,Dancing Mad (Ultimate) P3,Dancing Mad,5,Dancing Mad,100,False,79.05,45.28,2,300.4,2026-06-21T18:36:29.942000+00:00,2026-06-21T18:41:30.384000+00:00,1782066989942
BRj4d8GwrPW1Jv9D,Dancing Mad (Ultimate) P3,Dancing Mad,6,Dancing Mad,100,False,59.53,47.65,3,587.3,2026-06-21T18:41:50.273000+00:00,2026-06-21T18:51:37.580000+00:00,1782067310273
BRj4d8GwrPW1Jv9D,Dancing Mad (Ultimate) P3,Dancing Mad,7,Dancing Mad,100,False,76.33,31.67,2,329.0,2026-06-21T18:55:00.197000+00:00,2026-06-21T19:00:29.211000+00:00,1782068100197
BRj4d8GwrPW1Jv9D,Dancing Mad (Ultimate) P3,Dancing Mad,8,Dancing Mad,100,False,91.77,17.75,1,187.8,2026-06-21T19:06:45.070000+00:00,2026-06-21T19:09:52.886000+00:00,1782068805070
BRj4d8GwrPW1Jv9D,Dancing Mad (Ultimate) P3,Dancing Mad,9,Dancing Mad,100,False,61.83,59.17,3,542.9,2026-06-21T19:10:11.202000+00:00,2026-06-21T19:19:14.071000+00:00,1782069011202
BRj4d8GwrPW1Jv9D,Dancing Mad (Ultimate) P3,Dancing Mad,10,Dancing Mad,100,False,58.61,43.06,3,605.9,2026-06-21T19:20:59.762000+00:00,2026-06-21T19:31:05.642000+00:00,1782069659762
BRj4d8GwrPW1Jv9D,Dancing Mad (Ultimate) P3,Dancing Mad,11,Dancing Mad,100,False,64.62,73.13,3,505.7,2026-06-21T19:34:19.538000+00:00,2026-06-21T19:42:45.279000+00:00,1782070459538
BRj4d8GwrPW1Jv9D,Dancing Mad (Ultimate) P3,Dancing Mad,12,Dancing Mad,100,False,91.67,16.74,1,193.3,2026-06-21T19:43:15.716000+00:00,2026-06-21T19:46:29.056000+00:00,1782070995716
BRj4d8GwrPW1Jv9D,Dancing Mad (Ultimate) P3,Dancing Mad,13,Dancing Mad,100,False,82.89,64.45,2,271.5,2026-06-21T19:46:50.031000+00:00,2026-06-21T19:51:21.578000+00:00,1782071210031
BRj4d8GwrPW1Jv9D,Dancing Mad (Ultimate) P3,Dancing Mad,14,Dancing Mad,100,False,77.33,36.69,2,327.5,2026-06-21T19:59:27.950000+00:00,2026-06-21T20:04:55.435000+00:00,1782071967950
BRj4d8GwrPW1Jv9D,Dancing Mad (Ultimate) P3,Dancing Mad,15,Dancing Mad,100,False,91.7,17.04,1,193.8,2026-06-21T20:05:16.765000+00:00,2026-06-21T20:08:30.576000+00:00,1782072316765
BRj4d8GwrPW1Jv9D,Dancing Mad (Ultimate) P3,Dancing Mad,16,Dancing Mad,100,False,94.69,46.97,1,130.1,2026-06-21T20:08:46.669000+00:00,2026-06-21T20:10:56.767000+00:00,1782072526669
BRj4d8GwrPW1Jv9D,Dancing Mad (Ultimate) P3,Dancing Mad,17,Dancing Mad,100,False,59.31,46.59,3,603.3,2026-06-21T20:11:16.974000+00:00,2026-06-21T20:21:20.235000+00:00,1782072676974
BRj4d8GwrPW1Jv9D,Dancing Mad (Ultimate) P3,Dancing Mad,18,Dancing Mad,100,False,70,0.01,2,427.6,2026-06-21T20:22:09.402000+00:00,2026-06-21T20:29:16.998000+00:00,1782073329402
BRj4d8GwrPW1Jv9D,Dancing Mad (Ultimate) P3,Dancing Mad,19,Dancing Mad,100,False,62.31,61.55,3,543.3,2026-06-21T20:29:40.918000+00:00,2026-06-21T20:38:44.240000+00:00,1782073780918
BRj4d8GwrPW1Jv9D,Dancing Mad (Ultimate) P3,Dancing Mad,20,Dancing Mad,100,False,62.08,60.44,3,551.5,2026-06-21T20:39:07.651000+00:00,2026-06-21T20:48:19.110000+00:00,1782074347651
BRj4d8GwrPW1Jv9D,Dancing Mad (Ultimate) P3,Dancing Mad,21,Dancing Mad,100,False,62.56,62.8,3,538.7,2026-06-21T20:48:39.644000+00:00,2026-06-21T20:57:38.391000+00:00,1782074919644
JTH6kNdQvLnY7qxF,Dancing Mad (Ultimate) P3,Dancing Mad,1,Striking Dummy,,,,,0,0.5,2026-06-24T17:49:46.963000+00:00,2026-06-24T17:49:47.454000+00:00,1782323386963
JTH6kNdQvLnY7qxF,Dancing Mad (Ultimate) P3,Dancing Mad,2,Striking Dummy,,,,,0,75.0,2026-06-24T17:52:10.783000+00:00,2026-06-24T17:53:25.787000+00:00,1782323530783
JTH6kNdQvLnY7qxF,Dancing Mad (Ultimate) P3,Dancing Mad,3,Striking Dummy,,,,,0,15.8,2026-06-24T17:56:31.312000+00:00,2026-06-24T17:56:47.087000+00:00,1782323791312
JTH6kNdQvLnY7qxF,Dancing Mad (Ultimate) P3,Dancing Mad,4,Dancing Mad,100,False,91.33,13.38,1,201.1,2026-06-24T18:03:07.623000+00:00,2026-06-24T18:06:28.700000+00:00,1782324187623
JTH6kNdQvLnY7qxF,Dancing Mad (Ultimate) P3,Dancing Mad,5,Dancing Mad,100,False,80.65,53.28,2,303.6,2026-06-24T18:06:46.391000+00:00,2026-06-24T18:11:49.990000+00:00,1782324406391
JTH6kNdQvLnY7qxF,Dancing Mad (Ultimate) P3,Dancing Mad,6,Dancing Mad,100,False,80.8,54,2,303.5,2026-06-24T18:12:10.083000+00:00,2026-06-24T18:17:13.630000+00:00,1782324730083
JTH6kNdQvLnY7qxF,Dancing Mad (Ultimate) P3,Dancing Mad,7,Dancing Mad,100,False,56.74,33.7,3,630.6,2026-06-24T18:17:37.689000+00:00,2026-06-24T18:28:08.328000+00:00,1782325057689
JTH6kNdQvLnY7qxF,Dancing Mad (Ultimate) P3,Dancing Mad,8,Dancing Mad,100,False,94.89,48.9,1,115.8,2026-06-24T18:32:07.290000+00:00,2026-06-24T18:34:03.089000+00:00,1782325927290
JTH6kNdQvLnY7qxF,Dancing Mad (Ultimate) P3,Dancing Mad,9,Dancing Mad,100,False,56.1,30.5,3,635.4,2026-06-24T18:34:24.558000+00:00,2026-06-24T18:44:59.989000+00:00,1782326064558
JTH6kNdQvLnY7qxF,Dancing Mad (Ultimate) P3,Dancing Mad,10,Dancing Mad,100,False,92.22,22.22,1,173.6,2026-06-24T18:48:34.940000+00:00,2026-06-24T18:51:28.546000+00:00,1782326914940
JTH6kNdQvLnY7qxF,Dancing Mad (Ultimate) P3,Dancing Mad,11,Dancing Mad,100,False,62.06,60.33,3,548.5,2026-06-24T18:52:00.819000+00:00,2026-06-24T19:01:09.331000+00:00,1782327120819
JTH6kNdQvLnY7qxF,Dancing Mad (Ultimate) P3,Dancing Mad,12,Dancing Mad,100,False,77.81,39.08,2,326.4,2026-06-24T19:08:20.839000+00:00,2026-06-24T19:13:47.252000+00:00,1782328100839
JTH6kNdQvLnY7qxF,Dancing Mad (Ultimate) P3,Dancing Mad,13,Dancing Mad,100,False,80.42,52.13,2,301.9,2026-06-24T19:14:14.110000+00:00,2026-06-24T19:19:16.027000+00:00,1782328454110
JTH6kNdQvLnY7qxF,Dancing Mad (Ultimate) P3,Dancing Mad,14,Dancing Mad,100,False,57.39,36.95,3,618.0,2026-06-24T19:19:38.871000+00:00,2026-06-24T19:29:56.888000+00:00,1782328778871
JTH6kNdQvLnY7qxF,Dancing Mad (Ultimate) P3,Dancing Mad,15,Dancing Mad,100,False,58.02,40.11,3,610.4,2026-06-24T19:35:33.934000+00:00,2026-06-24T19:45:44.293000+00:00,1782329733934
JTH6kNdQvLnY7qxF,Dancing Mad (Ultimate) P3,Dancing Mad,16,Dancing Mad,100,False,80.67,53.39,2,293.6,2026-06-24T19:46:54.714000+00:00,2026-06-24T19:51:48.270000+00:00,1782330414714
JTH6kNdQvLnY7qxF,Dancing Mad (Ultimate) P3,Dancing Mad,17,Dancing Mad,100,False,60.16,50.8,3,587.1,2026-06-24T20:00:07.582000+00:00,2026-06-24T20:09:54.724000+00:00,1782331207582
JTH6kNdQvLnY7qxF,Dancing Mad (Ultimate) P3,Dancing Mad,18,Dancing Mad,100,False,81.65,58.25,2,281.0,2026-06-24T20:11:26.352000+00:00,2026-06-24T20:16:07.358000+00:00,1782331886352
JTH6kNdQvLnY7qxF,Dancing Mad (Ultimate) P3,Dancing Mad,19,Dancing Mad,100,False,79.73,48.67,2,301.4,2026-06-24T20:16:28.527000+00:00,2026-06-24T20:21:29.916000+00:00,1782332188527
JTH6kNdQvLnY7qxF,Dancing Mad (Ultimate) P3,Dancing Mad,20,Dancing Mad,100,False,97.51,75.13,1,57.1,2026-06-24T20:22:31.260000+00:00,2026-06-24T20:23:28.333000+00:00,1782332551260
JTH6kNdQvLnY7qxF,Dancing Mad (Ultimate) P3,Dancing Mad,21,Dancing Mad,100,False,92.15,21.52,1,175.6,2026-06-24T20:23:45.341000+00:00,2026-06-24T20:26:40.928000+00:00,1782332625341
JTH6kNdQvLnY7qxF,Dancing Mad (Ultimate) P3,Dancing Mad,22,Dancing Mad,100,False,62.19,60.95,3,542.6,2026-06-24T20:27:06.978000+00:00,2026-06-24T20:36:09.541000+00:00,1782332826978
JTH6kNdQvLnY7qxF,Dancing Mad (Ultimate) P3,Dancing Mad,23,Dancing Mad,100,False,78.72,43.64,2,312.5,2026-06-24T20:36:34.319000+00:00,2026-06-24T20:41:46.850000+00:00,1782333394319
JTH6kNdQvLnY7qxF,Dancing Mad (Ultimate) P3,Dancing Mad,24,Dancing Mad,100,False,91.66,16.65,1,195.4,2026-06-24T20:42:23.739000+00:00,2026-06-24T20:45:39.104000+00:00,1782333743739
JTH6kNdQvLnY7qxF,Dancing Mad (Ultimate) P3,Dancing Mad,25,Dancing Mad,100,False,80.22,51.11,2,293.2,2026-06-24T20:45:57.520000+00:00,2026-06-24T20:50:50.672000+00:00,1782333957520
JTH6kNdQvLnY7qxF,Dancing Mad (Ultimate) P3,Dancing Mad,26,Dancing Mad,100,False,80.95,54.77,2,290.0,2026-06-24T20:51:12.929000+00:00,2026-06-24T20:56:02.942000+00:00,1782334272929
yQRvT7xtmV3NqfGa,Dancing Mad (Ultimate) P3,Dancing Mad,1,Striking Dummy,,,,,0,0.5,2026-06-28T17:50:59.893000+00:00,2026-06-28T17:51:00.384000+00:00,1782669059893
yQRvT7xtmV3NqfGa,Dancing Mad (Ultimate) P3,Dancing Mad,2,Dancing Mad,100,False,66.88,84.43,3,481.3,2026-06-28T18:03:15.884000+00:00,2026-06-28T18:11:17.214000+00:00,1782669795884
yQRvT7xtmV3NqfGa,Dancing Mad (Ultimate) P3,Dancing Mad,3,Dancing Mad,100,False,81.3,56.54,2,279.3,2026-06-28T18:12:06.934000+00:00,2026-06-28T18:16:46.206000+00:00,1782670326934
yQRvT7xtmV3NqfGa,Dancing Mad (Ultimate) P3,Dancing Mad,4,Dancing Mad,100,False,78.43,42.18,2,313.9,2026-06-28T18:17:05.899000+00:00,2026-06-28T18:22:19.750000+00:00,1782670625899
yQRvT7xtmV3NqfGa,Dancing Mad (Ultimate) P3,Dancing Mad,5,Dancing Mad,100,False,61.97,59.85,3,551.4,2026-06-28T18:23:20.073000+00:00,2026-06-28T18:32:31.428000+00:00,1782671000073
yQRvT7xtmV3NqfGa,Dancing Mad (Ultimate) P3,Dancing Mad,6,Dancing Mad,100,False,62.41,62.09,3,536.2,2026-06-28T18:33:28.704000+00:00,2026-06-28T18:42:24.950000+00:00,1782671608704
yQRvT7xtmV3NqfGa,Dancing Mad (Ultimate) P3,Dancing Mad,7,Dancing Mad,100,False,58.05,40.27,3,616.1,2026-06-28T18:42:50.741000+00:00,2026-06-28T18:53:06.828000+00:00,1782672170741
yQRvT7xtmV3NqfGa,Dancing Mad (Ultimate) P3,Dancing Mad,8,Dancing Mad,100,False,80.82,54.13,2,289.6,2026-06-28T18:54:00.275000+00:00,2026-06-28T18:58:49.922000+00:00,1782672840275
yQRvT7xtmV3NqfGa,Dancing Mad (Ultimate) P3,Dancing Mad,9,Dancing Mad,100,False,54.96,24.8,3,664.1,2026-06-28T19:08:24.149000+00:00,2026-06-28T19:19:28.268000+00:00,1782673704149
yQRvT7xtmV3NqfGa,Dancing Mad (Ultimate) P3,Dancing Mad,10,Dancing Mad,100,False,58.62,43.11,3,602.9,2026-06-28T19:24:18.926000+00:00,2026-06-28T19:34:21.828000+00:00,1782674658926
yQRvT7xtmV3NqfGa,Dancing Mad (Ultimate) P3,Dancing Mad,11,Dancing Mad,100,False,56.82,34.11,3,625.2,2026-06-28T19:34:54.386000+00:00,2026-06-28T19:45:19.581000+00:00,1782675294386
yQRvT7xtmV3NqfGa,Dancing Mad (Ultimate) P3,Dancing Mad,12,Dancing Mad,100,False,91.58,15.88,1,197.0,2026-06-28T19:47:36.893000+00:00,2026-06-28T19:50:53.896000+00:00,1782676056893
yQRvT7xtmV3NqfGa,Dancing Mad (Ultimate) P3,Dancing Mad,13,Dancing Mad,100,False,77.15,35.79,2,321.5,2026-06-28T19:51:22.276000+00:00,2026-06-28T19:56:43.801000+00:00,1782676282276
yQRvT7xtmV3NqfGa,Dancing Mad (Ultimate) P3,Dancing Mad,14,Dancing Mad,100,False,70.36,1.83,2,390.3,2026-06-28T20:03:18.640000+00:00,2026-06-28T20:09:48.973000+00:00,1782676998640
yQRvT7xtmV3NqfGa,Dancing Mad (Ultimate) P3,Dancing Mad,15,Dancing Mad,100,False,62.35,61.78,3,584.1,2026-06-28T20:10:07.113000+00:00,2026-06-28T20:19:51.183000+00:00,1782677407113
yQRvT7xtmV3NqfGa,Dancing Mad (Ultimate) P3,Dancing Mad,16,Dancing Mad,100,False,54.32,21.64,3,659.1,2026-06-28T20:21:15.608000+00:00,2026-06-28T20:32:14.728000+00:00,1782678075608
yQRvT7xtmV3NqfGa,Dancing Mad (Ultimate) P3,Dancing Mad,17,Dancing Mad,100,False,77.45,37.29,2,324.9,2026-06-28T20:33:01.477000+00:00,2026-06-28T20:38:26.391000+00:00,1782678781477
yQRvT7xtmV3NqfGa,Dancing Mad (Ultimate) P3,Dancing Mad,18,Dancing Mad,100,False,79.5,47.52,2,304.2,2026-06-28T20:38:58.499000+00:00,2026-06-28T20:44:02.736000+00:00,1782679138499
yQRvT7xtmV3NqfGa,Dancing Mad (Ultimate) P3,Dancing Mad,19,Dancing Mad,100,False,91.69,16.93,1,199.4,2026-06-28T20:44:33.228000+00:00,2026-06-28T20:47:52.660000+00:00,1782679473228
yQRvT7xtmV3NqfGa,Dancing Mad (Ultimate) P3,Dancing Mad,20,Dancing Mad,100,False,91.36,13.62,1,206.8,2026-06-28T20:49:01.396000+00:00,2026-06-28T20:52:28.183000+00:00,1782679741396
yQRvT7xtmV3NqfGa,Dancing Mad (Ultimate) P3,Dancing Mad,21,Dancing Mad,100,False,81.16,55.83,2,284.3,2026-06-28T20:52:50.434000+00:00,2026-06-28T20:57:34.711000+00:00,1782679970434
TL6fRvWncayXwPJj,Dancing Mad (Ultimate) P3,Dancing Mad,1,Dancing Mad,100,False,91.47,14.77,1,199.2,2026-06-29T18:00:55.438000+00:00,2026-06-29T18:04:14.606000+00:00,1782756055438
TL6fRvWncayXwPJj,Dancing Mad (Ultimate) P3,Dancing Mad,2,Dancing Mad,100,False,91.78,17.83,1,192.0,2026-06-29T18:04:38.161000+00:00,2026-06-29T18:07:50.173000+00:00,1782756278161
TL6fRvWncayXwPJj,Dancing Mad (Ultimate) P3,Dancing Mad,3,Dancing Mad,100,False,78.46,42.33,2,313.1,2026-06-29T18:08:08.165000+00:00,2026-06-29T18:13:21.275000+00:00,1782756488165
TL6fRvWncayXwPJj,Dancing Mad (Ultimate) P3,Dancing Mad,4,Dancing Mad,100,False,77.31,36.56,2,323.7,2026-06-29T18:13:47.959000+00:00,2026-06-29T18:19:11.631000+00:00,1782756827959
TL6fRvWncayXwPJj,Dancing Mad (Ultimate) P3,Dancing Mad,5,Dancing Mad,100,False,61.4,57.01,3,559.4,2026-06-29T18:19:57.343000+00:00,2026-06-29T18:29:16.730000+00:00,1782757197343
TL6fRvWncayXwPJj,Dancing Mad (Ultimate) P3,Dancing Mad,6,Dancing Mad,100,False,56.61,33.05,3,625.4,2026-06-29T18:29:37.667000+00:00,2026-06-29T18:40:03.027000+00:00,1782757777667
TL6fRvWncayXwPJj,Dancing Mad (Ultimate) P3,Dancing Mad,7,Dancing Mad,100,False,81.39,56.95,2,281.2,2026-06-29T18:40:54.026000+00:00,2026-06-29T18:45:35.239000+00:00,1782758454026
TL6fRvWncayXwPJj,Dancing Mad (Ultimate) P3,Dancing Mad,8,Dancing Mad,100,False,78.47,42.36,2,315.2,2026-06-29T18:45:56.230000+00:00,2026-06-29T18:51:11.421000+00:00,1782758756230
TL6fRvWncayXwPJj,Dancing Mad (Ultimate) P3,Dancing Mad,9,Dancing Mad,100,False,91.9,19.07,1,177.6,2026-06-29T18:58:47.234000+00:00,2026-06-29T19:01:44.874000+00:00,1782759527234
TL6fRvWncayXwPJj,Dancing Mad (Ultimate) P3,Dancing Mad,10,Dancing Mad,100,False,78.68,43.42,2,314.2,2026-06-29T19:02:06.900000+00:00,2026-06-29T19:07:21.100000+00:00,1782759726900
TL6fRvWncayXwPJj,Dancing Mad (Ultimate) P3,Dancing Mad,11,Dancing Mad,100,False,61.98,59.94,3,540.9,2026-06-29T19:07:41.280000+00:00,2026-06-29T19:16:42.216000+00:00,1782760061280
TL6fRvWncayXwPJj,Dancing Mad (Ultimate) P3,Dancing Mad,12,Dancing Mad,100,False,59.95,49.78,3,573.5,2026-06-29T19:17:01.733000+00:00,2026-06-29T19:26:35.205000+00:00,1782760621733
TL6fRvWncayXwPJj,Dancing Mad (Ultimate) P3,Dancing Mad,13,Dancing Mad,100,False,79.51,47.57,2,303.6,2026-06-29T19:30:17.234000+00:00,2026-06-29T19:35:20.865000+00:00,1782761417234
TL6fRvWncayXwPJj,Dancing Mad (Ultimate) P3,Dancing Mad,14,Dancing Mad,100,False,77.57,37.89,2,328.5,2026-06-29T19:35:39.712000+00:00,2026-06-29T19:41:08.207000+00:00,1782761739712
TL6fRvWncayXwPJj,Dancing Mad (Ultimate) P3,Dancing Mad,15,Dancing Mad,100,False,55.48,27.4,3,647.5,2026-06-29T19:42:13.221000+00:00,2026-06-29T19:53:00.688000+00:00,1782762133221
TL6fRvWncayXwPJj,Dancing Mad (Ultimate) P3,Dancing Mad,16,Dancing Mad,100,False,97.02,70.24,1,71.8,2026-06-29T20:02:00.336000+00:00,2026-06-29T20:03:12.128000+00:00,1782763320336
TL6fRvWncayXwPJj,Dancing Mad (Ultimate) P3,Dancing Mad,17,Dancing Mad,100,False,58.21,41.05,3,603.4,2026-06-29T20:03:52.292000+00:00,2026-06-29T20:13:55.695000+00:00,1782763432292
TL6fRvWncayXwPJj,Dancing Mad (Ultimate) P3,Dancing Mad,18,Dancing Mad,100,False,79.85,49.25,2,302.5,2026-06-29T20:14:21.549000+00:00,2026-06-29T20:19:24.037000+00:00,1782764061549
TL6fRvWncayXwPJj,Dancing Mad (Ultimate) P3,Dancing Mad,19,Dancing Mad,100,False,79.5,47.53,2,300.7,2026-06-29T20:19:46.890000+00:00,2026-06-29T20:24:47.627000+00:00,1782764386890
TL6fRvWncayXwPJj,Dancing Mad (Ultimate) P3,Dancing Mad,20,Dancing Mad,100,False,79.35,46.77,2,304.2,2026-06-29T20:25:09.889000+00:00,2026-06-29T20:30:14.122000+00:00,1782764709889
TL6fRvWncayXwPJj,Dancing Mad (Ultimate) P3,Dancing Mad,21,Dancing Mad,100,False,95.56,55.68,1,110.6,2026-06-29T20:30:40.284000+00:00,2026-06-29T20:32:30.882000+00:00,1782765040284
TL6fRvWncayXwPJj,Dancing Mad (Ultimate) P3,Dancing Mad,22,Dancing Mad,100,False,77.45,37.26,2,325.6,2026-06-29T20:32:51.184000+00:00,2026-06-29T20:38:16.791000+00:00,1782765171184
TL6fRvWncayXwPJj,Dancing Mad (Ultimate) P3,Dancing Mad,23,Dancing Mad,100,False,97.13,71.34,1,66.5,2026-06-29T20:38:40.357000+00:00,2026-06-29T20:39:46.845000+00:00,1782765520357
TL6fRvWncayXwPJj,Dancing Mad (Ultimate) P3,Dancing Mad,24,Dancing Mad,100,False,55.6,28.01,3,650.6,2026-06-29T20:40:05.181000+00:00,2026-06-29T20:50:55.738000+00:00,1782765605181
TL6fRvWncayXwPJj,Dancing Mad (Ultimate) P3,Dancing Mad,25,Dancing Mad,100,False,55.69,28.47,3,648.3,2026-06-29T20:51:37.348000+00:00,2026-06-29T21:02:25.624000+00:00,1782766297348
wzFCpfgy41XGPA2k,Dancing Mad (Ultimate) P3,Dancing Mad,1,Dancing Mad,100,False,79.06,45.3,2,312.3,2026-06-30T18:02:58.279000+00:00,2026-06-30T18:08:10.610000+00:00,1782842578279
wzFCpfgy41XGPA2k,Dancing Mad (Ultimate) P3,Dancing Mad,2,Dancing Mad,100,False,81.49,57.47,2,284.1,2026-06-30T18:08:49.756000+00:00,2026-06-30T18:13:33.816000+00:00,1782842929756
wzFCpfgy41XGPA2k,Dancing Mad (Ultimate) P3,Dancing Mad,3,Dancing Mad,100,False,52.8,14.04,3,684.2,2026-06-30T18:15:18.167000+00:00,2026-06-30T18:26:42.321000+00:00,1782843318167
wzFCpfgy41XGPA2k,Dancing Mad (Ultimate) P3,Dancing Mad,4,Dancing Mad,100,False,53.42,17.14,3,683.0,2026-06-30T18:29:13.749000+00:00,2026-06-30T18:40:36.788000+00:00,1782844153749
wzFCpfgy41XGPA2k,Dancing Mad (Ultimate) P3,Dancing Mad,5,Dancing Mad,100,False,62.2,61.02,3,541.2,2026-06-30T18:41:17.221000+00:00,2026-06-30T18:50:18.412000+00:00,1782844877221
wzFCpfgy41XGPA2k,Dancing Mad (Ultimate) P3,Dancing Mad,6,Dancing Mad,100,False,56.11,30.55,3,628.3,2026-06-30T18:50:40.201000+00:00,2026-06-30T19:01:08.469000+00:00,1782845440201
wzFCpfgy41XGPA2k,Dancing Mad (Ultimate) P3,Dancing Mad,7,Dancing Mad,100,False,54.65,23.29,3,691.1,2026-06-30T19:07:55.272000+00:00,2026-06-30T19:19:26.360000+00:00,1782846475272
wzFCpfgy41XGPA2k,Dancing Mad (Ultimate) P3,Dancing Mad,8,Dancing Mad,100,False,80.84,54.2,2,290.6,2026-06-30T19:20:34.723000+00:00,2026-06-30T19:25:25.325000+00:00,1782847234723
wzFCpfgy41XGPA2k,Dancing Mad (Ultimate) P3,Dancing Mad,9,Dancing Mad,100,False,56.18,30.93,3,630.7,2026-06-30T19:25:47.701000+00:00,2026-06-30T19:36:18.373000+00:00,1782847547701
wzFCpfgy41XGPA2k,Dancing Mad (Ultimate) P3,Dancing Mad,10,Dancing Mad,100,False,78.42,42.14,2,312.7,2026-06-30T19:36:47.881000+00:00,2026-06-30T19:42:00.558000+00:00,1782848207881
wzFCpfgy41XGPA2k,Dancing Mad (Ultimate) P3,Dancing Mad,11,Dancing Mad,100,False,55.98,29.92,3,659.6,2026-06-30T19:42:20.876000+00:00,2026-06-30T19:53:20.429000+00:00,1782848540876
wzFCpfgy41XGPA2k,Dancing Mad (Ultimate) P3,Dancing Mad,12,Dancing Mad,100,False,61.65,58.25,3,549.9,2026-06-30T20:01:44.568000+00:00,2026-06-30T20:10:54.494000+00:00,1782849704568
wzFCpfgy41XGPA2k,Dancing Mad (Ultimate) P3,Dancing Mad,13,Dancing Mad,100,False,78.54,42.72,2,307.3,2026-06-30T20:11:28.940000+00:00,2026-06-30T20:16:36.233000+00:00,1782850288940
wzFCpfgy41XGPA2k,Dancing Mad (Ultimate) P3,Dancing Mad,14,Dancing Mad,100,False,51.86,9.31,3,700.5,2026-06-30T20:16:59.749000+00:00,2026-06-30T20:28:40.274000+00:00,1782850619749
wzFCpfgy41XGPA2k,Dancing Mad (Ultimate) P3,Dancing Mad,15,Dancing Mad,100,False,95.1,51.02,1,115.7,2026-06-30T20:29:38.802000+00:00,2026-06-30T20:31:34.543000+00:00,1782851378802
wzFCpfgy41XGPA2k,Dancing Mad (Ultimate) P3,Dancing Mad,16,Dancing Mad,100,False,58.01,40.09,3,608.1,2026-06-30T20:31:54.541000+00:00,2026-06-30T20:42:02.650000+00:00,1782851514541
wzFCpfgy41XGPA2k,Dancing Mad (Ultimate) P3,Dancing Mad,17,Dancing Mad,100,False,70.11,0.57,2,383.0,2026-06-30T20:43:05.247000+00:00,2026-06-30T20:49:28.239000+00:00,1782852185247
wzFCpfgy41XGPA2k,Dancing Mad (Ultimate) P3,Dancing Mad,18,Dancing Mad,100,False,97.62,76.27,1,56.2,2026-06-30T20:49:59.336000+00:00,2026-06-30T20:50:55.489000+00:00,1782852599336
wzFCpfgy41XGPA2k,Dancing Mad (Ultimate) P3,Dancing Mad,19,Dancing Mad,100,False,91.46,14.69,1,198.0,2026-06-30T20:51:12.954000+00:00,2026-06-30T20:54:30.939000+00:00,1782852672954
wzFCpfgy41XGPA2k,Dancing Mad (Ultimate) P3,Dancing Mad,20,Dancing Mad,100,False,98.62,86.26,1,29.4,2026-06-30T20:54:49.260000+00:00,2026-06-30T20:55:18.674000+00:00,1782852889260
wzFCpfgy41XGPA2k,Dancing Mad (Ultimate) P3,Dancing Mad,21,Dancing Mad,100,False,79.56,47.83,2,307.3,2026-06-30T20:55:38.686000+00:00,2026-06-30T21:00:45.941000+00:00,1782852938686
d8nHDRgLbkfz6wZQ,Dancing Mad (Ultimate) P3,Dancing Mad,1,Dancing Mad,100,False,54.46,22.32,3,673.6,2026-07-01T18:10:45.071000+00:00,2026-07-01T18:21:58.715000+00:00,1782929445071
d8nHDRgLbkfz6wZQ,Dancing Mad (Ultimate) P3,Dancing Mad,2,Dancing Mad,100,False,81.62,58.1,2,280.6,2026-07-01T18:22:22.407000+00:00,2026-07-01T18:27:03.038000+00:00,1782930142407
d8nHDRgLbkfz6wZQ,Dancing Mad (Ultimate) P3,Dancing Mad,3,Dancing Mad,100,False,97.62,76.2,1,53.3,2026-07-01T18:27:27.433000+00:00,2026-07-01T18:28:20.738000+00:00,1782930447433
d8nHDRgLbkfz6wZQ,Dancing Mad (Ultimate) P3,Dancing Mad,4,Dancing Mad,100,False,61.71,58.56,3,551.9,2026-07-01T18:28:37.558000+00:00,2026-07-01T18:37:49.479000+00:00,1782930517558
d8nHDRgLbkfz6wZQ,Dancing Mad (Ultimate) P3,Dancing Mad,5,Dancing Mad,100,False,80.05,50.26,2,293.2,2026-07-01T18:38:11.796000+00:00,2026-07-01T18:43:04.970000+00:00,1782931091796
d8nHDRgLbkfz6wZQ,Dancing Mad (Ultimate) P3,Dancing Mad,6,Dancing Mad,100,False,59.28,46.42,3,574.1,2026-07-01T18:43:33.174000+00:00,2026-07-01T18:53:07.238000+00:00,1782931413174
d8nHDRgLbkfz6wZQ,Dancing Mad (Ultimate) P3,Dancing Mad,7,Dancing Mad,100,False,95.49,54.91,1,97.3,2026-07-01T18:53:31.296000+00:00,2026-07-01T18:55:08.608000+00:00,1782932011296
d8nHDRgLbkfz6wZQ,Dancing Mad (Ultimate) P3,Dancing Mad,8,Dancing Mad,100,False,97.35,73.56,1,62.2,2026-07-01T18:55:31.019000+00:00,2026-07-01T18:56:33.217000+00:00,1782932131019
d8nHDRgLbkfz6wZQ,Dancing Mad (Ultimate) P3,Dancing Mad,9,Dancing Mad,100,False,79.66,48.3,2,302.7,2026-07-01T18:56:50.712000+00:00,2026-07-01T19:01:53.408000+00:00,1782932210712
d8nHDRgLbkfz6wZQ,Dancing Mad (Ultimate) P3,Dancing Mad,10,Dancing Mad,100,False,76.82,34.11,2,325.1,2026-07-01T19:09:14.140000+00:00,2026-07-01T19:14:39.275000+00:00,1782932954140
d8nHDRgLbkfz6wZQ,Dancing Mad (Ultimate) P3,Dancing Mad,11,Dancing Mad,100,False,52.52,12.62,3,716.6,2026-07-01T19:14:58.254000+00:00,2026-07-01T19:26:54.882000+00:00,1782933298254
d8nHDRgLbkfz6wZQ,Dancing Mad (Ultimate) P3,Dancing Mad,12,Dancing Mad,100,False,51.99,9.96,3,709.2,2026-07-01T19:32:38.811000+00:00,2026-07-01T19:44:27.971000+00:00,1782934358811
d8nHDRgLbkfz6wZQ,Dancing Mad (Ultimate) P3,Dancing Mad,13,Dancing Mad,100,False,94.91,49.15,1,115.7,2026-07-01T19:47:04.541000+00:00,2026-07-01T19:49:00.252000+00:00,1782935224541
d8nHDRgLbkfz6wZQ,Dancing Mad (Ultimate) P3,Dancing Mad,14,Dancing Mad,100,False,59.99,49.95,3,570.7,2026-07-01T19:49:24.044000+00:00,2026-07-01T19:58:54.695000+00:00,1782935364044
d8nHDRgLbkfz6wZQ,Dancing Mad (Ultimate) P3,Dancing Mad,15,Dancing Mad,100,False,53.1,15.51,3,696.6,2026-07-01T20:12:08.705000+00:00,2026-07-01T20:23:45.335000+00:00,1782936728705
d8nHDRgLbkfz6wZQ,Dancing Mad (Ultimate) P3,Dancing Mad,16,Dancing Mad,100,False,51.72,8.62,3,711.0,2026-07-01T20:25:01.235000+00:00,2026-07-01T20:36:52.213000+00:00,1782937501235
d8nHDRgLbkfz6wZQ,Dancing Mad (Ultimate) P3,Dancing Mad,17,Dancing Mad,100,False,79.89,49.48,2,304.3,2026-07-01T20:38:24.151000+00:00,2026-07-01T20:43:28.444000+00:00,1782938304151
d8nHDRgLbkfz6wZQ,Dancing Mad (Ultimate) P3,Dancing Mad,18,Dancing Mad,100,False,61.65,58.29,3,536.1,2026-07-01T20:44:23.514000+00:00,2026-07-01T20:53:19.643000+00:00,1782938663514
d8nHDRgLbkfz6wZQ,Dancing Mad (Ultimate) P3,Dancing Mad,19,Dancing Mad,100,False,60.06,50.3,3,583.8,2026-07-01T20:53:39.613000+00:00,2026-07-01T21:03:23.452000+00:00,1782939219613
kwTpM8KNRdZXJFC2,Dancing Mad (Ultimate) P3,Dancing Mad,1,Dancing Mad,100,False,97.39,73.96,1,65.3,2026-07-05T18:02:04.856000+00:00,2026-07-05T18:03:10.132000+00:00,1783274524856
kwTpM8KNRdZXJFC2,Dancing Mad (Ultimate) P3,Dancing Mad,2,Dancing Mad,100,False,97.08,70.82,1,74.8,2026-07-05T18:03:48.635000+00:00,2026-07-05T18:05:03.441000+00:00,1783274628635
kwTpM8KNRdZXJFC2,Dancing Mad (Ultimate) P3,Dancing Mad,3,Dancing Mad,100,False,93.2,32.06,1,156.2,2026-07-05T18:05:24.858000+00:00,2026-07-05T18:08:01.015000+00:00,1783274724858
kwTpM8KNRdZXJFC2,Dancing Mad (Ultimate) P3,Dancing Mad,4,Dancing Mad,100,False,54.95,24.76,3,648.9,2026-07-05T18:08:25.334000+00:00,2026-07-05T18:19:14.193000+00:00,1783274905334
kwTpM8KNRdZXJFC2,Dancing Mad (Ultimate) P3,Dancing Mad,5,Dancing Mad,100,False,58.98,44.92,3,585.7,2026-07-05T18:20:14.902000+00:00,2026-07-05T18:30:00.580000+00:00,1783275614902
kwTpM8KNRdZXJFC2,Dancing Mad (Ultimate) P3,Dancing Mad,6,Dancing Mad,100,False,59.22,46.13,3,581.2,2026-07-05T18:30:29.594000+00:00,2026-07-05T18:40:10.802000+00:00,1783276229594
kwTpM8KNRdZXJFC2,Dancing Mad (Ultimate) P3,Dancing Mad,7,Dancing Mad,100,False,79.87,49.35,2,300.4,2026-07-05T18:40:39.688000+00:00,2026-07-05T18:45:40.089000+00:00,1783276839688
kwTpM8KNRdZXJFC2,Dancing Mad (Ultimate) P3,Dancing Mad,8,Dancing Mad,100,False,75.5,27.54,2,337.6,2026-07-05T18:46:02.375000+00:00,2026-07-05T18:51:39.948000+00:00,1783277162375
kwTpM8KNRdZXJFC2,Dancing Mad (Ultimate) P3,Dancing Mad,9,Dancing Mad,100,False,97.59,75.9,1,59.4,2026-07-05T19:01:21.677000+00:00,2026-07-05T19:02:21.105000+00:00,1783278081677
kwTpM8KNRdZXJFC2,Dancing Mad (Ultimate) P3,Dancing Mad,10,Dancing Mad,100,False,78.21,41.08,2,311.7,2026-07-05T19:02:40.754000+00:00,2026-07-05T19:07:52.477000+00:00,1783278160754
kwTpM8KNRdZXJFC2,Dancing Mad (Ultimate) P3,Dancing Mad,11,Dancing Mad,100,False,81.63,58.15,2,283.0,2026-07-05T19:08:39.743000+00:00,2026-07-05T19:13:22.787000+00:00,1783278519743
kwTpM8KNRdZXJFC2,Dancing Mad (Ultimate) P3,Dancing Mad,12,Dancing Mad,100,False,97.68,76.88,1,51.6,2026-07-05T19:14:19.503000+00:00,2026-07-05T19:15:11.142000+00:00,1783278859503
kwTpM8KNRdZXJFC2,Dancing Mad (Ultimate) P3,Dancing Mad,13,Dancing Mad,100,False,92.06,20.62,1,176.9,2026-07-05T19:15:28.844000+00:00,2026-07-05T19:18:25.777000+00:00,1783278928844
kwTpM8KNRdZXJFC2,Dancing Mad (Ultimate) P3,Dancing Mad,14,Dancing Mad,100,False,97.38,73.82,1,62.5,2026-07-05T19:18:43.739000+00:00,2026-07-05T19:19:46.196000+00:00,1783279123739
kwTpM8KNRdZXJFC2,Dancing Mad (Ultimate) P3,Dancing Mad,15,Dancing Mad,100,False,76.38,31.94,2,332.0,2026-07-05T19:21:28.987000+00:00,2026-07-05T19:27:00.963000+00:00,1783279288987
kwTpM8KNRdZXJFC2,Dancing Mad (Ultimate) P3,Dancing Mad,16,Dancing Mad,100,False,53.64,18.22,3,688.8,2026-07-05T19:28:44.096000+00:00,2026-07-05T19:40:12.933000+00:00,1783279724096
kwTpM8KNRdZXJFC2,Dancing Mad (Ultimate) P3,Dancing Mad,17,Dancing Mad,100,False,54.58,22.92,3,662.7,2026-07-05T19:40:48.491000+00:00,2026-07-05T19:51:51.182000+00:00,1783280448491
kwTpM8KNRdZXJFC2,Dancing Mad (Ultimate) P3,Dancing Mad,18,Dancing Mad,100,False,82.17,60.88,2,277.0,2026-07-05T19:52:23.491000+00:00,2026-07-05T19:57:00.528000+00:00,1783281143491
kwTpM8KNRdZXJFC2,Dancing Mad (Ultimate) P3,Dancing Mad,19,Dancing Mad,100,False,95.03,50.36,1,114.4,2026-07-05T20:04:55.884000+00:00,2026-07-05T20:06:50.303000+00:00,1783281895884
kwTpM8KNRdZXJFC2,Dancing Mad (Ultimate) P3,Dancing Mad,20,Dancing Mad,100,False,61.68,58.44,3,540.5,2026-07-05T20:07:09.104000+00:00,2026-07-05T20:16:09.628000+00:00,1783282029104
kwTpM8KNRdZXJFC2,Dancing Mad (Ultimate) P3,Dancing Mad,21,Dancing Mad,100,False,77.67,38.38,2,323.4,2026-07-05T20:18:54.629000+00:00,2026-07-05T20:24:18.054000+00:00,1783282734629
kwTpM8KNRdZXJFC2,Dancing Mad (Ultimate) P3,Dancing Mad,22,Dancing Mad,100,False,97.56,75.63,1,59.6,2026-07-05T20:24:40.678000+00:00,2026-07-05T20:25:40.268000+00:00,1783283080678
kwTpM8KNRdZXJFC2,Dancing Mad (Ultimate) P3,Dancing Mad,23,Dancing Mad,100,False,62.11,60.59,3,535.6,2026-07-05T20:25:57.612000+00:00,2026-07-05T20:34:53.243000+00:00,1783283157612
kwTpM8KNRdZXJFC2,Dancing Mad (Ultimate) P3,Dancing Mad,24,Dancing Mad,100,False,50.57,2.89,3,716.6,2026-07-05T20:35:20.580000+00:00,2026-07-05T20:47:17.144000+00:00,1783283720580
kwTpM8KNRdZXJFC2,Dancing Mad (Ultimate) P3,Dancing Mad,25,Dancing Mad,100,False,95.6,56,1,105.0,2026-07-05T20:49:16.431000+00:00,2026-07-05T20:51:01.439000+00:00,1783284556431
kwTpM8KNRdZXJFC2,Dancing Mad (Ultimate) P3,Dancing Mad,26,Dancing Mad,100,False,53.4,17.03,3,675.0,2026-07-05T20:51:20.082000+00:00,2026-07-05T21:02:35.035000+00:00,1783284680082
2rT7zkatNWB8HPjp,Dancing Mad (Ultimate) P3,Dancing Mad,1,Striking Dummy,,,,,0,48.6,2026-07-07T17:21:47.802000+00:00,2026-07-07T17:22:36.373000+00:00,1783444907802
2rT7zkatNWB8HPjp,Dancing Mad (Ultimate) P3,Dancing Mad,2,Dancing Mad,100,False,66.15,80.75,3,491.9,2026-07-07T18:06:16.043000+00:00,2026-07-07T18:14:27.965000+00:00,1783447576043
2rT7zkatNWB8HPjp,Dancing Mad (Ultimate) P3,Dancing Mad,3,Dancing Mad,100,False,62,60.03,3,541.5,2026-07-07T18:14:48.500000+00:00,2026-07-07T18:23:50.015000+00:00,1783448088500
2rT7zkatNWB8HPjp,Dancing Mad (Ultimate) P3,Dancing Mad,4,Dancing Mad,100,False,76.75,33.75,2,323.6,2026-07-07T18:24:15.946000+00:00,2026-07-07T18:29:39.541000+00:00,1783448655946
2rT7zkatNWB8HPjp,Dancing Mad (Ultimate) P3,Dancing Mad,5,Dancing Mad,100,False,90,100,2,209.0,2026-07-07T18:30:21.280000+00:00,2026-07-07T18:33:50.245000+00:00,1783449021280
2rT7zkatNWB8HPjp,Dancing Mad (Ultimate) P3,Dancing Mad,6,Dancing Mad,100,False,92.26,22.67,1,172.8,2026-07-07T18:34:30.699000+00:00,2026-07-07T18:37:23.538000+00:00,1783449270699
2rT7zkatNWB8HPjp,Dancing Mad (Ultimate) P3,Dancing Mad,7,Dancing Mad,100,False,56.55,32.77,3,617.8,2026-07-07T18:37:41.948000+00:00,2026-07-07T18:47:59.763000+00:00,1783449461948
2rT7zkatNWB8HPjp,Dancing Mad (Ultimate) P3,Dancing Mad,8,Dancing Mad,100,False,97.44,74.47,1,62.2,2026-07-07T18:48:24.494000+00:00,2026-07-07T18:49:26.681000+00:00,1783450104494
2rT7zkatNWB8HPjp,Dancing Mad (Ultimate) P3,Dancing Mad,9,Dancing Mad,100,False,81.46,57.34,2,281.9,2026-07-07T18:49:51.186000+00:00,2026-07-07T18:54:33.043000+00:00,1783450191186
2rT7zkatNWB8HPjp,Dancing Mad (Ultimate) P3,Dancing Mad,10,Dancing Mad,100,False,76.9,34.53,2,323.6,2026-07-07T19:00:50.946000+00:00,2026-07-07T19:06:14.505000+00:00,1783450850946
2rT7zkatNWB8HPjp,Dancing Mad (Ultimate) P3,Dancing Mad,11,Dancing Mad,100,False,97.59,75.91,1,60.5,2026-07-07T19:06:35.942000+00:00,2026-07-07T19:07:36.442000+00:00,1783451195942
2rT7zkatNWB8HPjp,Dancing Mad (Ultimate) P3,Dancing Mad,12,Dancing Mad,100,False,79.27,46.36,2,303.1,2026-07-07T19:07:54.121000+00:00,2026-07-07T19:12:57.266000+00:00,1783451274121
2rT7zkatNWB8HPjp,Dancing Mad (Ultimate) P3,Dancing Mad,13,Dancing Mad,100,False,77.01,35.07,2,325.8,2026-07-07T19:13:41.111000+00:00,2026-07-07T19:19:06.946000+00:00,1783451621111
2rT7zkatNWB8HPjp,Dancing Mad (Ultimate) P3,Dancing Mad,14,Dancing Mad,100,False,79.27,46.37,2,303.2,2026-07-07T19:20:46.257000+00:00,2026-07-07T19:25:49.482000+00:00,1783452046257
2rT7zkatNWB8HPjp,Dancing Mad (Ultimate) P3,Dancing Mad,15,Dancing Mad,100,False,81.09,55.48,2,283.8,2026-07-07T19:29:01.990000+00:00,2026-07-07T19:33:45.808000+00:00,1783452541990
2rT7zkatNWB8HPjp,Dancing Mad (Ultimate) P3,Dancing Mad,16,Dancing Mad,100,False,92.14,21.46,1,174.1,2026-07-07T19:34:13.297000+00:00,2026-07-07T19:37:07.360000+00:00,1783452853297
2rT7zkatNWB8HPjp,Dancing Mad (Ultimate) P3,Dancing Mad,17,Dancing Mad,100,False,97.5,75.02,1,56.7,2026-07-07T19:37:33.756000+00:00,2026-07-07T19:38:30.486000+00:00,1783453053756
2rT7zkatNWB8HPjp,Dancing Mad (Ultimate) P3,Dancing Mad,18,Dancing Mad,100,False,66.85,84.27,3,482.3,2026-07-07T19:50:21.423000+00:00,2026-07-07T19:58:23.750000+00:00,1783453821423
2rT7zkatNWB8HPjp,Dancing Mad (Ultimate) P3,Dancing Mad,19,Dancing Mad,100,False,60.26,51.3,3,577.7,2026-07-07T19:59:01.316000+00:00,2026-07-07T20:08:39.020000+00:00,1783454341316
2rT7zkatNWB8HPjp,Dancing Mad (Ultimate) P3,Dancing Mad,20,Dancing Mad,100,False,51.34,6.7,3,715.4,2026-07-07T20:09:07.537000+00:00,2026-07-07T20:21:02.983000+00:00,1783454947537
2rT7zkatNWB8HPjp,Dancing Mad (Ultimate) P3,Dancing Mad,21,Dancing Mad,100,False,55.13,25.69,3,649.3,2026-07-07T20:21:55.190000+00:00,2026-07-07T20:32:44.480000+00:00,1783455715190
2rT7zkatNWB8HPjp,Dancing Mad (Ultimate) P3,Dancing Mad,22,Dancing Mad,100,False,62.11,60.56,3,547.4,2026-07-07T20:33:23.800000+00:00,2026-07-07T20:42:31.161000+00:00,1783456403800
2rT7zkatNWB8HPjp,Dancing Mad (Ultimate) P3,Dancing Mad,23,Dancing Mad,100,False,55.89,29.46,3,624.8,2026-07-07T20:46:01.124000+00:00,2026-07-07T20:56:25.912000+00:00,1783457161124
Q4jkCbthVqKdMyWJ,Dancing Mad (Ultimate) P3,Dancing Mad,1,Dancing Mad,100,False,80.39,51.99,2,291.5,2026-07-08T18:02:19.450000+00:00,2026-07-08T18:07:10.972000+00:00,1783533739450
Q4jkCbthVqKdMyWJ,Dancing Mad (Ultimate) P3,Dancing Mad,2,Dancing Mad,100,False,53.12,15.61,3,728.2,2026-07-08T18:08:38.005000+00:00,2026-07-08T18:20:46.184000+00:00,1783534118005
Q4jkCbthVqKdMyWJ,Dancing Mad (Ultimate) P3,Dancing Mad,3,Dancing Mad,100,False,91.37,13.75,1,201.8,2026-07-08T18:21:59.497000+00:00,2026-07-08T18:25:21.309000+00:00,1783534919497
Q4jkCbthVqKdMyWJ,Dancing Mad (Ultimate) P3,Dancing Mad,4,Dancing Mad,100,False,96.67,66.73,1,75.9,2026-07-08T18:25:39.051000+00:00,2026-07-08T18:26:54.931000+00:00,1783535139051
Q4jkCbthVqKdMyWJ,Dancing Mad (Ultimate) P3,Dancing Mad,5,Dancing Mad,100,False,50.21,1.09,3,730.2,2026-07-08T18:27:17.690000+00:00,2026-07-08T18:39:27.940000+00:00,1783535237690
Q4jkCbthVqKdMyWJ,Dancing Mad (Ultimate) P3,Dancing Mad,6,Dancing Mad,100,False,56.87,34.38,3,621.6,2026-07-08T18:40:49.905000+00:00,2026-07-08T18:51:11.492000+00:00,1783536049905
Q4jkCbthVqKdMyWJ,Dancing Mad (Ultimate) P3,Dancing Mad,7,Dancing Mad,100,False,52.38,11.92,3,683.4,2026-07-08T18:51:36.799000+00:00,2026-07-08T19:03:00.184000+00:00,1783536696799
Q4jkCbthVqKdMyWJ,Dancing Mad (Ultimate) P3,Dancing Mad,8,Dancing Mad,100,False,97.39,73.97,1,57.5,2026-07-08T19:10:10.223000+00:00,2026-07-08T19:11:07.693000+00:00,1783537810223
Q4jkCbthVqKdMyWJ,Dancing Mad (Ultimate) P3,Dancing Mad,9,Dancing Mad,100,False,92.19,21.95,1,176.1,2026-07-08T19:11:25.520000+00:00,2026-07-08T19:14:21.628000+00:00,1783537885520
Q4jkCbthVqKdMyWJ,Dancing Mad (Ultimate) P3,Dancing Mad,10,Dancing Mad,100,False,97.42,74.25,1,59.4,2026-07-08T19:14:39.887000+00:00,2026-07-08T19:15:39.306000+00:00,1783538079887
Q4jkCbthVqKdMyWJ,Dancing Mad (Ultimate) P3,Dancing Mad,11,Dancing Mad,100,False,77.14,35.71,2,332.1,2026-07-08T19:15:57.582000+00:00,2026-07-08T19:21:29.694000+00:00,1783538157582
Q4jkCbthVqKdMyWJ,Dancing Mad (Ultimate) P3,Dancing Mad,12,Dancing Mad,100,False,56.42,32.1,3,624.9,2026-07-08T19:21:47.510000+00:00,2026-07-08T19:32:12.379000+00:00,1783538507510
Q4jkCbthVqKdMyWJ,Dancing Mad (Ultimate) P3,Dancing Mad,13,Dancing Mad,100,False,97.47,74.74,1,57.0,2026-07-08T19:32:51.209000+00:00,2026-07-08T19:33:48.197000+00:00,1783539171209
Q4jkCbthVqKdMyWJ,Dancing Mad (Ultimate) P3,Dancing Mad,14,Dancing Mad,100,False,81.41,57.07,2,283.7,2026-07-08T19:34:07.364000+00:00,2026-07-08T19:38:51.041000+00:00,1783539247364
Q4jkCbthVqKdMyWJ,Dancing Mad (Ultimate) P3,Dancing Mad,15,Dancing Mad,100,False,53.83,19.18,3,677.5,2026-07-08T19:39:19.062000+00:00,2026-07-08T19:50:36.590000+00:00,1783539559062
Q4jkCbthVqKdMyWJ,Dancing Mad (Ultimate) P3,Dancing Mad,16,Dancing Mad,100,False,95.15,51.51,1,110.6,2026-07-08T19:50:57.895000+00:00,2026-07-08T19:52:48.517000+00:00,1783540257895
Q4jkCbthVqKdMyWJ,Dancing Mad (Ultimate) P3,Dancing Mad,17,Dancing Mad,100,False,94.89,48.91,1,115.7,2026-07-08T20:02:35.051000+00:00,2026-07-08T20:04:30.785000+00:00,1783540955051
Q4jkCbthVqKdMyWJ,Dancing Mad (Ultimate) P3,Dancing Mad,18,Dancing Mad,100,False,53.53,17.65,3,667.6,2026-07-08T20:04:56.897000+00:00,2026-07-08T20:16:04.515000+00:00,1783541096897
Q4jkCbthVqKdMyWJ,Dancing Mad (Ultimate) P3,Dancing Mad,19,Dancing Mad,100,False,97.57,75.74,1,54.6,2026-07-08T20:16:31.826000+00:00,2026-07-08T20:17:26.412000+00:00,1783541791826
Q4jkCbthVqKdMyWJ,Dancing Mad (Ultimate) P3,Dancing Mad,20,Dancing Mad,100,False,75.62,28.12,2,347.9,2026-07-08T20:17:47.670000+00:00,2026-07-08T20:23:35.556000+00:00,1783541867670
Q4jkCbthVqKdMyWJ,Dancing Mad (Ultimate) P3,Dancing Mad,21,Dancing Mad,100,False,79.19,45.99,2,306.1,2026-07-08T20:24:07.763000+00:00,2026-07-08T20:29:13.903000+00:00,1783542247763
Q4jkCbthVqKdMyWJ,Dancing Mad (Ultimate) P3,Dancing Mad,22,Dancing Mad,100,False,98.13,81.39,1,29.4,2026-07-08T20:29:49.258000+00:00,2026-07-08T20:30:18.646000+00:00,1783542589258
Q4jkCbthVqKdMyWJ,Dancing Mad (Ultimate) P3,Dancing Mad,23,Dancing Mad,100,False,97.35,73.59,1,65.0,2026-07-08T20:41:24.792000+00:00,2026-07-08T20:42:29.760000+00:00,1783543284792
Q4jkCbthVqKdMyWJ,Dancing Mad (Ultimate) P3,Dancing Mad,24,Dancing Mad,100,False,92.21,22.14,1,179.2,2026-07-08T20:42:51.662000+00:00,2026-07-08T20:45:50.895000+00:00,1783543371662
Q4jkCbthVqKdMyWJ,Dancing Mad (Ultimate) P3,Dancing Mad,25,Dancing Mad,100,False,76.85,34.25,2,323.9,2026-07-08T20:46:23.369000+00:00,2026-07-08T20:51:47.312000+00:00,1783543583369
Q4jkCbthVqKdMyWJ,Dancing Mad (Ultimate) P3,Dancing Mad,26,Dancing Mad,100,False,53.5,17.53,3,681.4,2026-07-08T20:52:19.741000+00:00,2026-07-08T21:03:41.139000+00:00,1783543939741
ngZ2rbtAPKm8HNkv,Dancing Mad (Ultimate) P3,Dancing Mad,1,Dancing Mad,100,False,50.93,4.67,3,710.7,2026-07-09T18:04:39.128000+00:00,2026-07-09T18:16:29.816000+00:00,1783620279128
ngZ2rbtAPKm8HNkv,Dancing Mad (Ultimate) P3,Dancing Mad,2,Dancing Mad,100,False,52.01,10.08,3,686.9,2026-07-09T18:17:14.967000+00:00,2026-07-09T18:28:41.915000+00:00,1783621034967
ngZ2rbtAPKm8HNkv,Dancing Mad (Ultimate) P3,Dancing Mad,3,Dancing Mad,100,False,61.61,58.07,3,548.6,2026-07-09T18:29:54.790000+00:00,2026-07-09T18:39:03.388000+00:00,1783621794790
ngZ2rbtAPKm8HNkv,Dancing Mad (Ultimate) P3,Dancing Mad,4,Dancing Mad,100,False,97.62,76.24,1,53.4,2026-07-09T18:39:35.431000+00:00,2026-07-09T18:40:28.845000+00:00,1783622375431
ngZ2rbtAPKm8HNkv,Dancing Mad (Ultimate) P3,Dancing Mad,5,Dancing Mad,100,False,51.61,8.07,3,691.1,2026-07-09T18:40:54.238000+00:00,2026-07-09T18:52:25.385000+00:00,1783622454238
ngZ2rbtAPKm8HNkv,Dancing Mad (Ultimate) P3,Dancing Mad,6,Dancing Mad,100,False,75.69,28.45,2,342.9,2026-07-09T18:53:04.089000+00:00,2026-07-09T18:58:46.973000+00:00,1783623184089
ngZ2rbtAPKm8HNkv,Dancing Mad (Ultimate) P3,Dancing Mad,7,Dancing Mad,100,False,79.98,49.93,2,297.1,2026-07-09T19:06:19.995000+00:00,2026-07-09T19:11:17.118000+00:00,1783623979995
ngZ2rbtAPKm8HNkv,Dancing Mad (Ultimate) P3,Dancing Mad,8,Dancing Mad,100,False,50.4,2.02,3,712.2,2026-07-09T19:11:42.044000+00:00,2026-07-09T19:23:34.237000+00:00,1783624302044
ngZ2rbtAPKm8HNkv,Dancing Mad (Ultimate) P3,Dancing Mad,9,Dancing Mad,100,False,50.74,3.71,3,739.5,2026-07-09T19:26:37.640000+00:00,2026-07-09T19:38:57.190000+00:00,1783625197640
ngZ2rbtAPKm8HNkv,Dancing Mad (Ultimate) P3,Dancing Mad,10,Dancing Mad,100,False,95.38,53.83,1,106.0,2026-07-09T19:41:14.365000+00:00,2026-07-09T19:43:00.342000+00:00,1783626074365
ngZ2rbtAPKm8HNkv,Dancing Mad (Ultimate) P3,Dancing Mad,11,Dancing Mad,100,False,51.38,6.91,3,699.1,2026-07-09T19:43:21.060000+00:00,2026-07-09T19:55:00.181000+00:00,1783626201060
ngZ2rbtAPKm8HNkv,Dancing Mad (Ultimate) P3,Dancing Mad,12,Dancing Mad,100,False,56.54,32.74,3,618.3,2026-07-09T20:06:03.940000+00:00,2026-07-09T20:16:22.239000+00:00,1783627563940
ngZ2rbtAPKm8HNkv,Dancing Mad (Ultimate) P3,Dancing Mad,13,Dancing Mad,100,False,79.98,49.94,2,296.9,2026-07-09T20:16:49.500000+00:00,2026-07-09T20:21:46.373000+00:00,1783628209500
ngZ2rbtAPKm8HNkv,Dancing Mad (Ultimate) P3,Dancing Mad,14,Dancing Mad,100,False,56.1,30.5,3,635.9,2026-07-09T20:22:31.581000+00:00,2026-07-09T20:33:07.524000+00:00,1783628551581
ngZ2rbtAPKm8HNkv,Dancing Mad (Ultimate) P3,Dancing Mad,15,Dancing Mad,100,False,51.06,5.33,3,716.5,2026-07-09T20:33:44.104000+00:00,2026-07-09T20:45:40.629000+00:00,1783629224104
ngZ2rbtAPKm8HNkv,Dancing Mad (Ultimate) P3,Dancing Mad,16,Dancing Mad,100,False,92.03,20.34,1,186.0,2026-07-09T20:46:58.744000+00:00,2026-07-09T20:50:04.728000+00:00,1783630018744
ngZ2rbtAPKm8HNkv,Dancing Mad (Ultimate) P3,Dancing Mad,17,Dancing Mad,100,False,53.2,16.04,3,685.9,2026-07-09T20:50:26.763000+00:00,2026-07-09T21:01:52.630000+00:00,1783630226763
G1NZ6pHFmtY7bvkz,Dancing Mad (Ultimate) P3,Dancing Mad,1,Dancing Mad,100,False,62.39,61.98,3,541.5,2026-07-14T17:03:03.026000+00:00,2026-07-14T17:12:04.573000+00:00,1784048583026
G1NZ6pHFmtY7bvkz,Dancing Mad (Ultimate) P3,Dancing Mad,2,Dancing Mad,100,False,97.05,70.52,1,70.4,2026-07-14T17:12:44.905000+00:00,2026-07-14T17:13:55.353000+00:00,1784049164905
G1NZ6pHFmtY7bvkz,Dancing Mad (Ultimate) P3,Dancing Mad,3,Dancing Mad,100,False,97.27,72.79,1,63.5,2026-07-14T17:14:14.862000+00:00,2026-07-14T17:15:18.343000+00:00,1784049254862
G1NZ6pHFmtY7bvkz,Dancing Mad (Ultimate) P3,Dancing Mad,4,Dancing Mad,100,False,56.25,31.29,3,624.9,2026-07-14T17:15:39.018000+00:00,2026-07-14T17:26:03.928000+00:00,1784049339018
G1NZ6pHFmtY7bvkz,Dancing Mad (Ultimate) P3,Dancing Mad,5,Dancing Mad,100,False,97.46,74.61,1,58.9,2026-07-14T17:27:05.946000+00:00,2026-07-14T17:28:04.810000+00:00,1784050025946
G1NZ6pHFmtY7bvkz,Dancing Mad (Ultimate) P3,Dancing Mad,6,Dancing Mad,100,False,79.08,45.4,2,306.1,2026-07-14T17:28:26.592000+00:00,2026-07-14T17:33:32.648000+00:00,1784050106592
G1NZ6pHFmtY7bvkz,Dancing Mad (Ultimate) P3,Dancing Mad,7,Dancing Mad,100,False,53.05,15.28,3,689.6,2026-07-14T17:35:47.880000+00:00,2026-07-14T17:47:17.503000+00:00,1784050547880
G1NZ6pHFmtY7bvkz,Dancing Mad (Ultimate) P3,Dancing Mad,8,Dancing Mad,100,False,61.77,58.88,3,536.2,2026-07-14T17:47:44.698000+00:00,2026-07-14T17:56:40.864000+00:00,1784051264698
G1NZ6pHFmtY7bvkz,Dancing Mad (Ultimate) P3,Dancing Mad,9,Dancing Mad,100,False,66.65,83.29,3,491.9,2026-07-14T18:03:02.056000+00:00,2026-07-14T18:11:13.950000+00:00,1784052182056
G1NZ6pHFmtY7bvkz,Dancing Mad (Ultimate) P3,Dancing Mad,10,Dancing Mad,100,False,50.63,3.17,3,729.5,2026-07-14T18:11:57.910000+00:00,2026-07-14T18:24:07.450000+00:00,1784052717910
G1NZ6pHFmtY7bvkz,Dancing Mad (Ultimate) P3,Dancing Mad,11,Dancing Mad,100,False,81.81,59.08,2,283.7,2026-07-14T18:27:59.676000+00:00,2026-07-14T18:32:43.345000+00:00,1784053679676
G1NZ6pHFmtY7bvkz,Dancing Mad (Ultimate) P3,Dancing Mad,12,Dancing Mad,100,False,83.07,65.36,2,272.2,2026-07-14T18:33:27.715000+00:00,2026-07-14T18:37:59.947000+00:00,1784054007715
G1NZ6pHFmtY7bvkz,Dancing Mad (Ultimate) P3,Dancing Mad,13,Dancing Mad,100,False,52.05,10.29,3,699.2,2026-07-14T18:39:45.734000+00:00,2026-07-14T18:51:24.897000+00:00,1784054385734
G1NZ6pHFmtY7bvkz,Dancing Mad (Ultimate) P3,Dancing Mad,14,Dancing Mad,100,False,77.75,38.78,2,324.6,2026-07-14T18:52:28.434000+00:00,2026-07-14T18:57:53.024000+00:00,1784055148434
G1NZ6pHFmtY7bvkz,Dancing Mad (Ultimate) P3,Dancing Mad,15,Dancing Mad,100,False,83.08,65.4,2,265.5,2026-07-14T19:06:28.717000+00:00,2026-07-14T19:10:54.226000+00:00,1784055988717
G1NZ6pHFmtY7bvkz,Dancing Mad (Ultimate) P3,Dancing Mad,16,Dancing Mad,100,False,50.27,1.36,3,739.4,2026-07-14T19:11:25.432000+00:00,2026-07-14T19:23:44.844000+00:00,1784056285432
G1NZ6pHFmtY7bvkz,Dancing Mad (Ultimate) P3,Dancing Mad,17,Dancing Mad,100,False,80.4,52.04,2,291.8,2026-07-14T19:25:08.250000+00:00,2026-07-14T19:30:00.081000+00:00,1784057108250
G1NZ6pHFmtY7bvkz,Dancing Mad (Ultimate) P3,Dancing Mad,18,Dancing Mad,100,False,52.32,11.62,3,731.4,2026-07-14T19:30:38.395000+00:00,2026-07-14T19:42:49.769000+00:00,1784057438395
G1NZ6pHFmtY7bvkz,Dancing Mad (Ultimate) P3,Dancing Mad,19,Dancing Mad,100,False,95.52,55.25,1,97.0,2026-07-14T19:44:29.754000+00:00,2026-07-14T19:46:06.764000+00:00,1784058269754
G1NZ6pHFmtY7bvkz,Dancing Mad (Ultimate) P3,Dancing Mad,20,Dancing Mad,100,False,97.72,77.23,1,50.5,2026-07-14T19:46:28.073000+00:00,2026-07-14T19:47:18.617000+00:00,1784058388073
G1NZ6pHFmtY7bvkz,Dancing Mad (Ultimate) P3,Dancing Mad,21,Dancing Mad,100,False,97.49,74.94,1,63.0,2026-07-14T19:47:38.849000+00:00,2026-07-14T19:48:41.841000+00:00,1784058458849
G1NZ6pHFmtY7bvkz,Dancing Mad (Ultimate) P3,Dancing Mad,22,Dancing Mad,100,False,51.81,9.07,3,715.1,2026-07-14T19:49:04.258000+00:00,2026-07-14T20:00:59.351000+00:00,1784058544258
w1zZ7CDYd4y9tjPK,Dancing Mad (Ultimate) P3/P4,Dancing Mad,1,Dancing Mad,100,False,46.24,81.23,4,767.7,2026-07-15T17:08:41.122000+00:00,2026-07-15T17:21:28.855000+00:00,1784135321122
w1zZ7CDYd4y9tjPK,Dancing Mad (Ultimate) P3/P4,Dancing Mad,2,Dancing Mad,100,False,91.84,18.42,1,191.8,2026-07-15T17:23:30.537000+00:00,2026-07-15T17:26:42.329000+00:00,1784136210537
w1zZ7CDYd4y9tjPK,Dancing Mad (Ultimate) P3/P4,Dancing Mad,3,Dancing Mad,100,False,80.95,54.78,2,292.0,2026-07-15T17:27:01.590000+00:00,2026-07-15T17:31:53.579000+00:00,1784136421590
w1zZ7CDYd4y9tjPK,Dancing Mad (Ultimate) P3/P4,Dancing Mad,4,Dancing Mad,100,False,61.52,57.62,3,554.1,2026-07-15T17:32:24.272000+00:00,2026-07-15T17:41:38.404000+00:00,1784136744272
w1zZ7CDYd4y9tjPK,Dancing Mad (Ultimate) P3/P4,Dancing Mad,5,Dancing Mad,100,False,51.29,6.45,3,731.9,2026-07-15T17:42:26.756000+00:00,2026-07-15T17:54:38.695000+00:00,1784137346756
w1zZ7CDYd4y9tjPK,Dancing Mad (Ultimate) P3/P4,Dancing Mad,6,Dancing Mad,100,False,50.22,1.11,3,740.2,2026-07-15T17:54:57.985000+00:00,2026-07-15T18:07:18.221000+00:00,1784138097985
w1zZ7CDYd4y9tjPK,Dancing Mad (Ultimate) P3/P4,Dancing Mad,7,Dancing Mad,100,False,60.15,50.79,3,571.0,2026-07-15T18:16:53.144000+00:00,2026-07-15T18:26:24.098000+00:00,1784139413144
w1zZ7CDYd4y9tjPK,Dancing Mad (Ultimate) P3/P4,Dancing Mad,8,Dancing Mad,100,False,45.5,77.52,4,765.5,2026-07-15T18:26:51.329000+00:00,2026-07-15T18:39:36.789000+00:00,1784140011329
w1zZ7CDYd4y9tjPK,Dancing Mad (Ultimate) P3/P4,Dancing Mad,9,Dancing Mad,100,False,52.38,11.9,3,691.4,2026-07-15T18:43:51.593000+00:00,2026-07-15T18:55:22.967000+00:00,1784141031593
w1zZ7CDYd4y9tjPK,Dancing Mad (Ultimate) P3/P4,Dancing Mad,10,Dancing Mad,100,False,51.63,8.18,3,711.9,2026-07-15T19:04:23.466000+00:00,2026-07-15T19:16:15.400000+00:00,1784142263466
w1zZ7CDYd4y9tjPK,Dancing Mad (Ultimate) P3/P4,Dancing Mad,11,Dancing Mad,100,False,81.53,57.66,2,280.7,2026-07-15T19:17:40.174000+00:00,2026-07-15T19:22:20.882000+00:00,1784143060174
w1zZ7CDYd4y9tjPK,Dancing Mad (Ultimate) P3/P4,Dancing Mad,12,Dancing Mad,100,False,49.59,97.98,4,781.3,2026-07-15T19:23:16.651000+00:00,2026-07-15T19:36:17.928000+00:00,1784143396651
w1zZ7CDYd4y9tjPK,Dancing Mad (Ultimate) P3/P4,Dancing Mad,13,Dancing Mad,100,False,97.38,73.86,1,58.8,2026-07-15T19:38:47.033000+00:00,2026-07-15T19:39:45.818000+00:00,1784144327033
w1zZ7CDYd4y9tjPK,Dancing Mad (Ultimate) P3/P4,Dancing Mad,14,Dancing Mad,100,False,52.42,12.11,3,695.0,2026-07-15T19:40:13.885000+00:00,2026-07-15T19:51:48.843000+00:00,1784144413885
w1zZ7CDYd4y9tjPK,Dancing Mad (Ultimate) P3/P4,Dancing Mad,15,Dancing Mad,100,False,70.48,2.42,2,391.2,2026-07-15T19:52:08.705000+00:00,2026-07-15T19:58:39.880000+00:00,1784145128705
CjcHQZAv6B3M79NL,Dancing Mad (Ultimate) P3/p4,Dancing Mad,1,Dancing Mad,100,False,97.54,75.48,1,55.1,2026-07-23T18:03:28.158000+00:00,2026-07-23T18:04:23.294000+00:00,1784829808158
CjcHQZAv6B3M79NL,Dancing Mad (Ultimate) P3/p4,Dancing Mad,2,Dancing Mad,100,False,52.9,14.5,3,689.7,2026-07-23T18:04:41.249000+00:00,2026-07-23T18:16:10.949000+00:00,1784829881249
CjcHQZAv6B3M79NL,Dancing Mad (Ultimate) P3/p4,Dancing Mad,3,Dancing Mad,100,False,60.96,54.81,3,562.5,2026-07-23T18:17:18.652000+00:00,2026-07-23T18:26:41.121000+00:00,1784830638652
CjcHQZAv6B3M79NL,Dancing Mad (Ultimate) P3/p4,Dancing Mad,4,Dancing Mad,100,False,92.05,20.58,1,188.2,2026-07-23T18:27:00.820000+00:00,2026-07-23T18:30:09+00:00,1784831220820
CjcHQZAv6B3M79NL,Dancing Mad (Ultimate) P3/p4,Dancing Mad,5,Dancing Mad,100,False,95.63,56.3,1,95.9,2026-07-23T18:30:33.912000+00:00,2026-07-23T18:32:09.767000+00:00,1784831433912
CjcHQZAv6B3M79NL,Dancing Mad (Ultimate) P3/p4,Dancing Mad,6,Dancing Mad,100,False,91.93,19.35,1,187.9,2026-07-23T18:35:20.074000+00:00,2026-07-23T18:38:27.936000+00:00,1784831720074
CjcHQZAv6B3M79NL,Dancing Mad (Ultimate) P3/p4,Dancing Mad,7,Dancing Mad,100,False,79.32,46.63,2,303.3,2026-07-23T18:38:47.191000+00:00,2026-07-23T18:43:50.535000+00:00,1784831927191
CjcHQZAv6B3M79NL,Dancing Mad (Ultimate) P3/p4,Dancing Mad,8,Dancing Mad,100,False,94.81,48.19,1,121.6,2026-07-23T18:44:36.238000+00:00,2026-07-23T18:46:37.851000+00:00,1784832276238
CjcHQZAv6B3M79NL,Dancing Mad (Ultimate) P3/p4,Dancing Mad,9,Dancing Mad,100,False,50.75,3.75,3,740.0,2026-07-23T18:46:58.654000+00:00,2026-07-23T18:59:18.622000+00:00,1784832418654
CjcHQZAv6B3M79NL,Dancing Mad (Ultimate) P3/p4,Dancing Mad,10,Dancing Mad,100,False,91.53,15.33,1,199.9,2026-07-23T19:10:59.342000+00:00,2026-07-23T19:14:19.223000+00:00,1784833859342
CjcHQZAv6B3M79NL,Dancing Mad (Ultimate) P3/p4,Dancing Mad,11,Dancing Mad,100,False,70.78,3.92,2,392.8,2026-07-23T19:14:38.648000+00:00,2026-07-23T19:21:11.442000+00:00,1784834078648
CjcHQZAv6B3M79NL,Dancing Mad (Ultimate) P3/p4,Dancing Mad,12,Dancing Mad,100,False,51.1,5.54,3,739.9,2026-07-23T19:21:31.135000+00:00,2026-07-23T19:33:50.995000+00:00,1784834491135
CjcHQZAv6B3M79NL,Dancing Mad (Ultimate) P3/p4,Dancing Mad,13,Dancing Mad,100,False,44.08,70.4,4,776.6,2026-07-23T19:34:23.028000+00:00,2026-07-23T19:47:19.675000+00:00,1784835263028
CjcHQZAv6B3M79NL,Dancing Mad (Ultimate) P3/p4,Dancing Mad,14,Dancing Mad,100,False,52.33,11.67,3,696.6,2026-07-23T19:50:02.476000+00:00,2026-07-23T20:01:39.027000+00:00,1784836202476
CjcHQZAv6B3M79NL,Dancing Mad (Ultimate) P3/p4,Dancing Mad,15,Dancing Mad,100,False,97.41,74.14,1,66.4,2026-07-23T20:08:26.007000+00:00,2026-07-23T20:09:32.416000+00:00,1784837306007
CjcHQZAv6B3M79NL,Dancing Mad (Ultimate) P3/p4,Dancing Mad,16,Dancing Mad,100,False,97.31,73.19,1,62.7,2026-07-23T20:09:51.697000+00:00,2026-07-23T20:10:54.437000+00:00,1784837391697
CjcHQZAv6B3M79NL,Dancing Mad (Ultimate) P3/p4,Dancing Mad,17,Dancing Mad,100,False,91.58,15.86,1,193.6,2026-07-23T20:11:12.914000+00:00,2026-07-23T20:14:26.497000+00:00,1784837472914
CjcHQZAv6B3M79NL,Dancing Mad (Ultimate) P3/p4,Dancing Mad,18,Dancing Mad,100,False,53.89,19.49,3,659.5,2026-07-23T20:14:47.449000+00:00,2026-07-23T20:25:46.951000+00:00,1784837687449
CjcHQZAv6B3M79NL,Dancing Mad (Ultimate) P3/p4,Dancing Mad,19,Dancing Mad,100,False,55.57,27.86,3,628.2,2026-07-23T20:26:38.682000+00:00,2026-07-23T20:37:06.843000+00:00,1784838398682
CjcHQZAv6B3M79NL,Dancing Mad (Ultimate) P3/p4,Dancing Mad,20,Dancing Mad,100,False,97.71,77.19,1,51.4,2026-07-23T20:38:00.172000+00:00,2026-07-23T20:38:51.543000+00:00,1784839080172
CjcHQZAv6B3M79NL,Dancing Mad (Ultimate) P3/p4,Dancing Mad,21,Dancing Mad,100,False,95,50.09,1,115.7,2026-07-23T20:39:17.558000+00:00,2026-07-23T20:41:13.286000+00:00,1784839157558
CjcHQZAv6B3M79NL,Dancing Mad (Ultimate) P3/p4,Dancing Mad,22,Dancing Mad,100,False,95.65,56.51,1,97.5,2026-07-23T20:41:33.378000+00:00,2026-07-23T20:43:10.892000+00:00,1784839293378
CjcHQZAv6B3M79NL,Dancing Mad (Ultimate) P3/p4,Dancing Mad,23,Dancing Mad,100,False,55.72,28.62,3,630.9,2026-07-23T20:43:32.383000+00:00,2026-07-23T20:54:03.313000+00:00,1784839412383
NMGDF4aQJpnYXHPb,Dancing Mad (Ultimate) P3/P4,Dancing Mad,1,Dancing Mad,100,False,82.97,64.86,2,269.4,2026-07-26T18:00:47.561000+00:00,2026-07-26T18:05:16.934000+00:00,1785088847561
NMGDF4aQJpnYXHPb,Dancing Mad (Ultimate) P3/P4,Dancing Mad,2,Dancing Mad,100,False,97.52,75.22,1,59.1,2026-07-26T18:05:51.382000+00:00,2026-07-26T18:06:50.474000+00:00,1785089151382
NMGDF4aQJpnYXHPb,Dancing Mad (Ultimate) P3/P4,Dancing Mad,3,Dancing Mad,100,False,76.88,34.43,2,333.8,2026-07-26T18:07:08.573000+00:00,2026-07-26T18:12:42.341000+00:00,1785089228573
NMGDF4aQJpnYXHPb,Dancing Mad (Ultimate) P3/P4,Dancing Mad,4,Dancing Mad,100,False,56.7,33.53,3,617.8,2026-07-26T18:13:13.193000+00:00,2026-07-26T18:23:30.946000+00:00,1785089593193
NMGDF4aQJpnYXHPb,Dancing Mad (Ultimate) P3/P4,Dancing Mad,5,Dancing Mad,100,False,66.75,83.78,3,483.6,2026-07-26T18:24:09.308000+00:00,2026-07-26T18:32:12.905000+00:00,1785090249308
NMGDF4aQJpnYXHPb,Dancing Mad (Ultimate) P3/P4,Dancing Mad,6,Dancing Mad,100,False,81.6,58.02,2,286.1,2026-07-26T18:32:47.226000+00:00,2026-07-26T18:37:33.363000+00:00,1785090767226
NMGDF4aQJpnYXHPb,Dancing Mad (Ultimate) P3/P4,Dancing Mad,7,Dancing Mad,100,False,52.38,11.94,3,686.1,2026-07-26T18:40:09.805000+00:00,2026-07-26T18:51:35.948000+00:00,1785091209805
NMGDF4aQJpnYXHPb,Dancing Mad (Ultimate) P3/P4,Dancing Mad,8,Dancing Mad,100,False,76.97,34.87,2,323.9,2026-07-26T18:52:23.973000+00:00,2026-07-26T18:57:47.903000+00:00,1785091943973
NMGDF4aQJpnYXHPb,Dancing Mad (Ultimate) P3/P4,Dancing Mad,9,Dancing Mad,100,False,61.88,59.44,3,538.8,2026-07-26T19:05:53.575000+00:00,2026-07-26T19:14:52.366000+00:00,1785092753575
NMGDF4aQJpnYXHPb,Dancing Mad (Ultimate) P3/P4,Dancing Mad,10,Dancing Mad,100,False,97.49,74.95,1,59.2,2026-07-26T19:15:48.988000+00:00,2026-07-26T19:16:48.167000+00:00,1785093348988
NMGDF4aQJpnYXHPb,Dancing Mad (Ultimate) P3/P4,Dancing Mad,11,Dancing Mad,100,False,54.35,21.77,3,659.5,2026-07-26T19:17:11.418000+00:00,2026-07-26T19:28:10.889000+00:00,1785093431418
NMGDF4aQJpnYXHPb,Dancing Mad (Ultimate) P3/P4,Dancing Mad,12,Dancing Mad,100,False,81.36,56.8,2,276.6,2026-07-26T19:29:20.966000+00:00,2026-07-26T19:33:57.608000+00:00,1785094160966
NMGDF4aQJpnYXHPb,Dancing Mad (Ultimate) P3/P4,Dancing Mad,13,Dancing Mad,100,False,41.6,58.01,4,808.7,2026-07-26T19:34:20.324000+00:00,2026-07-26T19:47:48.983000+00:00,1785094460324
NMGDF4aQJpnYXHPb,Dancing Mad (Ultimate) P3/P4,Dancing Mad,14,Dancing Mad,100,False,56.76,33.83,3,660.1,2026-07-26T19:53:27.797000+00:00,2026-07-26T20:04:27.893000+00:00,1785095607797
NMGDF4aQJpnYXHPb,Dancing Mad (Ultimate) P3/P4,Dancing Mad,15,Dancing Mad,100,False,75.47,27.35,2,335.9,2026-07-26T20:11:14.865000+00:00,2026-07-26T20:16:50.800000+00:00,1785096674865
NMGDF4aQJpnYXHPb,Dancing Mad (Ultimate) P3/P4,Dancing Mad,16,Dancing Mad,100,False,54.04,20.23,3,659.5,2026-07-26T20:17:29.984000+00:00,2026-07-26T20:28:29.525000+00:00,1785097049984
NMGDF4aQJpnYXHPb,Dancing Mad (Ultimate) P3/P4,Dancing Mad,17,Dancing Mad,100,False,79.23,46.19,2,305.8,2026-07-26T20:28:57.895000+00:00,2026-07-26T20:34:03.710000+00:00,1785097737895
NMGDF4aQJpnYXHPb,Dancing Mad (Ultimate) P3/P4,Dancing Mad,18,Dancing Mad,100,False,98.61,86.1,1,28.4,2026-07-26T20:34:37.915000+00:00,2026-07-26T20:35:06.332000+00:00,1785098077915
NMGDF4aQJpnYXHPb,Dancing Mad (Ultimate) P3/P4,Dancing Mad,19,Dancing Mad,100,False,80.62,53.12,2,292.3,2026-07-26T20:35:33.320000+00:00,2026-07-26T20:40:25.630000+00:00,1785098133320
NMGDF4aQJpnYXHPb,Dancing Mad (Ultimate) P3/P4,Dancing Mad,20,Dancing Mad,100,False,55.31,26.56,3,635.6,2026-07-26T20:40:48.372000+00:00,2026-07-26T20:51:24.015000+00:00,1785098448372
